architecture,variant,task_family,parameter,mu,ontology_effect,random_effect,estimate
outcome_history,M3,bandit,intercept,-0.6808595490696931,0.0,-0.16239126553124728,-0.8432508146009404
outcome_history,M3,bandit,factor_continuation_value,0.25537611066696053,0.0,0.09235031927242171,0.34772642993938224
outcome_history,M3,bandit,factor_continuation_value__available,0.0,0.0,0.0,0.0
outcome_history,M3,bandit,factor_disengagement_value,-0.4269641465082611,0.0,-0.15368607939285023,-0.5806502259011113
outcome_history,M3,bandit,factor_disengagement_value__available,0.0,0.0,0.0,0.0
outcome_history,M3,bandit,factor_continuation_cost,-0.21897406424508858,0.0,0.11988564210074712,-0.09908842214434146
outcome_history,M3,bandit,factor_continuation_cost__available,0.0,0.0,0.0,0.0
outcome_history,M3,bandit,factor_progress_evidence,0.463312652726285,0.0,0.00016830152805644898,0.4634809542543415
outcome_history,M3,bandit,factor_progress_evidence__available,0.13832655183094852,0.0,0.2567631355979068,0.3950896874288553
outcome_history,M3,bandit,factor_success_evidence,0.634814752657636,0.0,0.5318776002336462,1.1666923528912823
outcome_history,M3,bandit,factor_success_evidence__available,0.0,0.0,0.0,0.0
outcome_history,M3,bandit,factor_uncertainty,0.04385623781262269,0.0,-0.011684268094052062,0.03217196971857063
outcome_history,M3,bandit,factor_uncertainty__available,0.0,0.0,0.0,0.0
outcome_history,M3,bandit,factor_prior_investment,-0.15950375389375945,0.0,0.09742580376004444,-0.06207795013371502
outcome_history,M3,bandit,factor_prior_investment__available,0.0,0.0,0.0,0.0
outcome_history,M3,bandit,factor_controllability,0.12625967480559688,0.0,0.0,0.12625967480559688
outcome_history,M3,bandit,factor_controllability__available,-0.008352103465496098,0.0,0.18751328173710313,0.17916117827160705
outcome_history,M3,bandit,factor_environmental_stability,0.12038378403323373,0.0,0.04821957384095428,0.168603357874188
outcome_history,M3,bandit,factor_environmental_stability__available,0.0,0.0,0.0,0.0
outcome_history,M3,bandit,factor_goal_continuity,-0.010806604122464685,0.0,-0.04108589221223905,-0.05189249633470373
outcome_history,M3,bandit,factor_goal_continuity__available,0.0,0.0,0.0,0.0
outcome_history,M3,bandit,history_outcome_1,0.008096201334081246,0.0,0.015924566485977305,0.02402076782005855
outcome_history,M3,bandit,history_outcome_1__available,0.0062758201040226695,0.0,-0.008775971460835133,-0.002500151356812463
outcome_history,M3,bandit,history_outcome_kernel,0.13839342457508322,0.0,0.09995810462274546,0.23835152919782868
outcome_history,M3,bandit,history_outcome_kernel__available,0.006275820104024981,0.0,-0.008775971460835077,-0.002500151356810096
outcome_history,M3,bandit,response_mapping,0.1823940020682498,0.0,0.5629143543878714,0.7453083564561211
outcome_history,M3,bandit,response_mapping__available,0.0,0.0,0.0,0.0
outcome_history,M3,debugging,intercept,-0.6808595490696931,0.0,-0.3016094750018008,-0.982469024071494
outcome_history,M3,debugging,factor_continuation_value,0.25537611066696053,0.0,0.1422466570434634,0.39762276771042393
outcome_history,M3,debugging,factor_continuation_value__available,0.0,0.0,0.0,0.0
outcome_history,M3,debugging,factor_disengagement_value,-0.4269641465082611,0.0,-0.012794676535759155,-0.43975882304402025
outcome_history,M3,debugging,factor_disengagement_value__available,0.0,0.0,0.0,0.0
outcome_history,M3,debugging,factor_continuation_cost,-0.21897406424508858,0.0,-0.10745888267614634,-0.3264329469212349
outcome_history,M3,debugging,factor_continuation_cost__available,0.0,0.0,0.0,0.0
outcome_history,M3,debugging,factor_progress_evidence,0.463312652726285,0.0,-0.024718950626810916,0.4385937020994741
outcome_history,M3,debugging,factor_progress_evidence__available,0.13832655183094852,0.0,-0.19075458097863668,-0.052428029147688154
outcome_history,M3,debugging,factor_success_evidence,0.634814752657636,0.0,0.0361751364671856,0.6709898891248216
outcome_history,M3,debugging,factor_success_evidence__available,0.0,0.0,0.0,0.0
outcome_history,M3,debugging,factor_uncertainty,0.04385623781262269,0.0,0.06302571136957659,0.10688194918219929
outcome_history,M3,debugging,factor_uncertainty__available,0.0,0.0,0.0,0.0
outcome_history,M3,debugging,factor_prior_investment,-0.15950375389375945,0.0,-0.08784161575252596,-0.2473453696462854
outcome_history,M3,debugging,factor_prior_investment__available,0.0,0.0,0.0,0.0
outcome_history,M3,debugging,factor_controllability,0.12625967480559688,0.0,0.007731224678954726,0.13399089948455162
outcome_history,M3,debugging,factor_controllability__available,-0.008352103465496098,0.0,-0.26120146737363387,-0.26955357083912995
outcome_history,M3,debugging,factor_environmental_stability,0.12038378403323373,0.0,0.05072640155627943,0.17111018558951316
outcome_history,M3,debugging,factor_environmental_stability__available,0.0,0.0,0.0,0.0
outcome_history,M3,debugging,factor_goal_continuity,-0.010806604122464685,0.0,0.05513482621982455,0.04432822209735987
outcome_history,M3,debugging,factor_goal_continuity__available,0.0,0.0,0.0,0.0
outcome_history,M3,debugging,history_outcome_1,0.008096201334081246,0.0,0.06272647372550277,0.07082267505958402
outcome_history,M3,debugging,history_outcome_1__available,0.0062758201040226695,0.0,0.0022508244615562327,0.008526644565578903
outcome_history,M3,debugging,history_outcome_kernel,0.13839342457508322,0.0,-0.0969797575315657,0.041413667043517524
outcome_history,M3,debugging,history_outcome_kernel__available,0.006275820104024981,0.0,0.0022508244615562344,0.008526644565581215
outcome_history,M3,debugging,response_mapping,0.1823940020682498,0.0,-0.0787935664042077,0.10360043566404209
outcome_history,M3,debugging,response_mapping__available,0.0,0.0,0.0,0.0
outcome_history,M3,effort,intercept,-0.6808595490696931,0.0,-0.24073661014000966,-0.9215961592097028
outcome_history,M3,effort,factor_continuation_value,0.25537611066696053,0.0,0.0649524116070202,0.32032852227398073
outcome_history,M3,effort,factor_continuation_value__available,0.0,0.0,0.0,0.0
outcome_history,M3,effort,factor_disengagement_value,-0.4269641465082611,0.0,-0.06360921914523289,-0.49057336565349396
outcome_history,M3,effort,factor_disengagement_value__available,0.0,0.0,0.0,0.0
outcome_history,M3,effort,factor_continuation_cost,-0.21897406424508858,0.0,-0.13391349639346425,-0.35288756063855287
outcome_history,M3,effort,factor_continuation_cost__available,0.0,0.0,0.0,0.0
outcome_history,M3,effort,factor_progress_evidence,0.463312652726285,0.0,0.1350176867020492,0.5983303394283342
outcome_history,M3,effort,factor_progress_evidence__available,0.13832655183094852,0.0,-0.1522552008460089,-0.013928649015060385
outcome_history,M3,effort,factor_success_evidence,0.634814752657636,0.0,0.2101750170634978,0.8449897697211338
outcome_history,M3,effort,factor_success_evidence__available,0.0,0.0,0.0,0.0
outcome_history,M3,effort,factor_uncertainty,0.04385623781262269,0.0,0.0032509574044696614,0.04710719521709235
outcome_history,M3,effort,factor_uncertainty__available,0.0,0.0,0.0,0.0
outcome_history,M3,effort,factor_prior_investment,-0.15950375389375945,0.0,-0.045109034483982915,-0.20461278837774238
outcome_history,M3,effort,factor_prior_investment__available,0.0,0.0,0.0,0.0
outcome_history,M3,effort,factor_controllability,0.12625967480559688,0.0,-0.0161114257533193,0.11014824905227757
outcome_history,M3,effort,factor_controllability__available,-0.008352103465496098,0.0,-0.20848402000218952,-0.2168361234676856
outcome_history,M3,effort,factor_environmental_stability,0.12038378403323373,0.0,0.059368034810315794,0.17975181884354952
outcome_history,M3,effort,factor_environmental_stability__available,0.0,0.0,0.0,0.0
outcome_history,M3,effort,factor_goal_continuity,-0.010806604122464685,0.0,0.022455938337030936,0.011649334214566251
outcome_history,M3,effort,factor_goal_continuity__available,0.0,0.0,0.0,0.0
outcome_history,M3,effort,history_outcome_1,0.008096201334081246,0.0,-0.09894744329565758,-0.09085124196157633
outcome_history,M3,effort,history_outcome_1__available,0.0062758201040226695,0.0,0.005384174218536857,0.011659994322559528
outcome_history,M3,effort,history_outcome_kernel,0.13839342457508322,0.0,0.11536389008193582,0.253757314657019
outcome_history,M3,effort,history_outcome_kernel__available,0.006275820104024981,0.0,0.005384174218536634,0.011659994322561616
outcome_history,M3,effort,response_mapping,0.1823940020682498,0.0,0.09199851280371307,0.27439251487196287
outcome_history,M3,effort,response_mapping__available,0.0,0.0,0.0,0.0
outcome_history,M3,foraging,intercept,-0.6808595490696931,0.0,-0.08228360270572073,-0.7631431517754139
outcome_history,M3,foraging,factor_continuation_value,0.25537611066696053,0.0,0.04519920325536465,0.30057531392232517
outcome_history,M3,foraging,factor_continuation_value__available,0.0,0.0,0.0,0.0
outcome_history,M3,foraging,factor_disengagement_value,-0.4269641465082611,0.0,-0.10854645689263864,-0.5355106034008997
outcome_history,M3,foraging,factor_disengagement_value__available,0.0,0.0,0.0,0.0
outcome_history,M3,foraging,factor_continuation_cost,-0.21897406424508858,0.0,0.15064407659538123,-0.06832998764970735
outcome_history,M3,foraging,factor_continuation_cost__available,0.0,0.0,0.0,0.0
outcome_history,M3,foraging,factor_progress_evidence,0.463312652726285,0.0,0.07556267672735384,0.5388753294536388
outcome_history,M3,foraging,factor_progress_evidence__available,0.13832655183094852,0.0,-0.05204071972690629,0.08628583210404223
outcome_history,M3,foraging,factor_success_evidence,0.634814752657636,0.0,0.0008414551927971438,0.6356562078504331
outcome_history,M3,foraging,factor_success_evidence__available,0.0,0.0,0.0,0.0
outcome_history,M3,foraging,factor_uncertainty,0.04385623781262269,0.0,-0.047575394084746606,-0.003719156272123915
outcome_history,M3,foraging,factor_uncertainty__available,0.0,0.0,0.0,0.0
outcome_history,M3,foraging,factor_prior_investment,-0.15950375389375945,0.0,-0.034265555407337764,-0.1937693093010972
outcome_history,M3,foraging,factor_prior_investment__available,0.0,0.0,0.0,0.0
outcome_history,M3,foraging,factor_controllability,0.12625967480559688,0.0,-0.02651722109722931,0.09974245370836757
outcome_history,M3,foraging,factor_controllability__available,-0.008352103465496098,0.0,-0.07125969025806612,-0.07961179372356222
outcome_history,M3,foraging,factor_environmental_stability,0.12038378403323373,0.0,-0.002800298846198204,0.11758348518703553
outcome_history,M3,foraging,factor_environmental_stability__available,0.0,0.0,0.0,0.0
outcome_history,M3,foraging,factor_goal_continuity,-0.010806604122464685,0.0,-0.005150102514038486,-0.01595670663650317
outcome_history,M3,foraging,factor_goal_continuity__available,0.0,0.0,0.0,0.0
outcome_history,M3,foraging,history_outcome_1,0.008096201334081246,0.0,0.04594996872392818,0.05404617005800943
outcome_history,M3,foraging,history_outcome_1__available,0.0062758201040226695,0.0,0.01933984185174224,0.02561566195576491
outcome_history,M3,foraging,history_outcome_kernel,0.13839342457508322,0.0,-0.0206045199600299,0.11778890461505331
outcome_history,M3,foraging,history_outcome_kernel__available,0.006275820104024981,0.0,0.01933984185174234,0.02561566195576732
outcome_history,M3,foraging,response_mapping,0.1823940020682498,0.0,-0.5252663386814354,-0.34287233661318556
outcome_history,M3,foraging,response_mapping__available,0.0,0.0,0.0,0.0
outcome_history,M3,information_sampling,intercept,-0.6808595490696931,0.0,-0.007660716046461982,-0.6885202651161552
outcome_history,M3,information_sampling,factor_continuation_value,0.25537611066696053,0.0,-0.14758306069621635,0.10779304997074418
outcome_history,M3,information_sampling,factor_continuation_value__available,0.0,0.0,0.0,0.0
outcome_history,M3,information_sampling,factor_disengagement_value,-0.4269641465082611,0.0,0.44731315727512727,0.020349010766866182
outcome_history,M3,information_sampling,factor_disengagement_value__available,0.0,0.0,0.0,0.0
outcome_history,M3,information_sampling,factor_continuation_cost,-0.21897406424508858,0.0,-0.06799333381612457,-0.2869673980612132
outcome_history,M3,information_sampling,factor_continuation_cost__available,0.0,0.0,0.0,0.0
outcome_history,M3,information_sampling,factor_progress_evidence,0.463312652726285,0.0,-0.35920926806835485,0.10410338465793018
outcome_history,M3,information_sampling,factor_progress_evidence__available,0.13832655183094852,0.0,-0.004845062242885195,0.13348148958806333
outcome_history,M3,information_sampling,factor_success_evidence,0.634814752657636,0.0,-0.5832520690606358,0.051562683597000225
outcome_history,M3,information_sampling,factor_success_evidence__available,0.0,0.0,0.0,0.0
outcome_history,M3,information_sampling,factor_uncertainty,0.04385623781262269,0.0,-0.01489017301900582,0.02896606479361687
outcome_history,M3,information_sampling,factor_uncertainty__available,0.0,0.0,0.0,0.0
outcome_history,M3,information_sampling,factor_prior_investment,-0.15950375389375945,0.0,0.05973878610615209,-0.09976496778760736
outcome_history,M3,information_sampling,factor_prior_investment__available,0.0,0.0,0.0,0.0
outcome_history,M3,information_sampling,factor_controllability,0.12625967480559688,0.0,0.0,0.12625967480559688
outcome_history,M3,information_sampling,factor_controllability__available,-0.008352103465496098,0.0,0.008845832943279628,0.0004937294777835298
outcome_history,M3,information_sampling,factor_environmental_stability,0.12038378403323373,0.0,-0.10988028901120296,0.010503495022030768
outcome_history,M3,information_sampling,factor_environmental_stability__available,0.0,0.0,0.0,0.0
outcome_history,M3,information_sampling,factor_goal_continuity,-0.010806604122464685,0.0,0.008283996994748037,-0.0025226071277166476
outcome_history,M3,information_sampling,factor_goal_continuity__available,0.0,0.0,0.0,0.0
outcome_history,M3,information_sampling,history_outcome_1,0.008096201334081246,0.0,-0.04869055984727257,-0.04059435851319133
outcome_history,M3,information_sampling,history_outcome_1__available,0.0062758201040226695,0.0,-0.001831796951313662,0.004444023152709007
outcome_history,M3,information_sampling,history_outcome_kernel,0.13839342457508322,0.0,-0.06219422008780805,0.07619920448727517
outcome_history,M3,information_sampling,history_outcome_kernel__available,0.006275820104024981,0.0,-0.0018317969513135985,0.004444023152711383
outcome_history,M3,information_sampling,response_mapping,0.1823940020682498,0.0,-0.231330695117079,-0.048936693048829194
outcome_history,M3,information_sampling,response_mapping__available,0.0,0.0,0.0,0.0
outcome_history,M3,solvability,intercept,-0.6808595490696931,0.0,0.5263307331553242,-0.15452881591436896
outcome_history,M3,solvability,factor_continuation_value,0.25537611066696053,0.0,-0.08599409423218995,0.16938201643477058
outcome_history,M3,solvability,factor_continuation_value__available,0.0,0.0,0.0,0.0
outcome_history,M3,solvability,factor_disengagement_value,-0.4269641465082611,0.0,0.12539397292338197,-0.30157017358487914
outcome_history,M3,solvability,factor_disengagement_value__available,0.0,0.0,0.0,0.0
outcome_history,M3,solvability,factor_continuation_cost,-0.21897406424508858,0.0,-0.06828240607621998,-0.2872564703213086
outcome_history,M3,solvability,factor_continuation_cost__available,0.0,0.0,0.0,0.0
outcome_history,M3,solvability,factor_progress_evidence,0.463312652726285,0.0,0.28910942464917494,0.75242207737546
outcome_history,M3,solvability,factor_progress_evidence__available,0.13832655183094852,0.0,0.3328807838634485,0.471207335694397
outcome_history,M3,solvability,factor_success_evidence,0.634814752657636,0.0,0.12390432967805809,0.7587190823356941
outcome_history,M3,solvability,factor_success_evidence__available,0.0,0.0,0.0,0.0
outcome_history,M3,solvability,factor_uncertainty,0.04385623781262269,0.0,-0.0033395707057488786,0.040516667106873815
outcome_history,M3,solvability,factor_uncertainty__available,0.0,0.0,0.0,0.0
outcome_history,M3,solvability,factor_prior_investment,-0.15950375389375945,0.0,-0.0607517517685835,-0.22025550566234295
outcome_history,M3,solvability,factor_prior_investment__available,0.0,0.0,0.0,0.0
outcome_history,M3,solvability,factor_controllability,0.12625967480559688,0.0,0.06646234087293877,0.19272201567853564
outcome_history,M3,solvability,factor_controllability__available,-0.008352103465496098,0.0,0.45581578570502523,0.44746368223952915
outcome_history,M3,solvability,factor_environmental_stability,0.12038378403323373,0.0,0.0013943751856087217,0.12177815921884245
outcome_history,M3,solvability,factor_environmental_stability__available,0.0,0.0,0.0,0.0
outcome_history,M3,solvability,factor_goal_continuity,-0.010806604122464685,0.0,-0.04415305929207037,-0.05495966341453505
outcome_history,M3,solvability,factor_goal_continuity__available,0.0,0.0,0.0,0.0
outcome_history,M3,solvability,history_outcome_1,0.008096201334081246,0.0,-0.016942212476526823,-0.008846011142445577
outcome_history,M3,solvability,history_outcome_1__available,0.0062758201040226695,0.0,0.021001821813429054,0.027277641917451724
outcome_history,M3,solvability,history_outcome_kernel,0.13839342457508322,0.0,0.10712616607281714,0.24551959064790035
outcome_history,M3,solvability,history_outcome_kernel__available,0.006275820104024981,0.0,0.021001821813430237,0.027277641917455218
outcome_history,M3,solvability,response_mapping,0.1823940020682498,0.0,0.0369242553779705,0.2193182574462203
outcome_history,M3,solvability,response_mapping__available,0.0,0.0,0.0,0.0
outcome_history,M3,waiting,intercept,-0.6808595490696931,0.0,0.09813604900251963,-0.5827235000671735
outcome_history,M3,waiting,factor_continuation_value,0.25537611066696053,0.0,-0.04732740858357473,0.2080487020833858
outcome_history,M3,waiting,factor_continuation_value__available,0.0,0.0,0.0,0.0
outcome_history,M3,waiting,factor_disengagement_value,-0.4269641465082611,0.0,-0.3408117348600079,-0.7677758813682689
outcome_history,M3,waiting,factor_disengagement_value__available,0.0,0.0,0.0,0.0
outcome_history,M3,waiting,factor_continuation_cost,-0.21897406424508858,0.0,0.05237488420441325,-0.16659918004067534
outcome_history,M3,waiting,factor_continuation_cost__available,0.0,0.0,0.0,0.0
outcome_history,M3,waiting,factor_progress_evidence,0.463312652726285,0.0,-0.0001017077300957267,0.4632109449961893
outcome_history,M3,waiting,factor_progress_evidence__available,0.13832655183094852,0.0,-0.15516671770892,-0.016840165877971464
outcome_history,M3,waiting,factor_success_evidence,0.634814752657636,0.0,-0.16101778140980877,0.4737969712478272
outcome_history,M3,waiting,factor_success_evidence__available,0.0,0.0,0.0,0.0
outcome_history,M3,waiting,factor_uncertainty,0.04385623781262269,0.0,0.022176796582524826,0.06603303439514752
outcome_history,M3,waiting,factor_uncertainty__available,0.0,0.0,0.0,0.0
outcome_history,M3,waiting,factor_prior_investment,-0.15950375389375945,0.0,0.030927429073078206,-0.12857632482068124
outcome_history,M3,waiting,factor_prior_investment__available,0.0,0.0,0.0,0.0
outcome_history,M3,waiting,factor_controllability,0.12625967480559688,0.0,0.0,0.12625967480559688
outcome_history,M3,waiting,factor_controllability__available,-0.008352103465496098,0.0,-0.11331774861754698,-0.12166985208304308
outcome_history,M3,waiting,factor_environmental_stability,0.12038378403323373,0.0,-0.016931851527435465,0.10345193250579826
outcome_history,M3,waiting,factor_environmental_stability__available,0.0,0.0,0.0,0.0
outcome_history,M3,waiting,factor_goal_continuity,-0.010806604122464685,0.0,0.001812641436209083,-0.008993962686255602
outcome_history,M3,waiting,factor_goal_continuity__available,0.0,0.0,0.0,0.0
outcome_history,M3,waiting,history_outcome_1,0.008096201334081246,0.0,0.042003257017380724,0.05009945835146197
outcome_history,M3,waiting,history_outcome_1__available,0.0062758201040226695,0.0,-0.03579993890691141,-0.02952411880288874
outcome_history,M3,waiting,history_outcome_kernel,0.13839342457508322,0.0,-0.10807130705425101,0.030322117520832206
outcome_history,M3,waiting,history_outcome_kernel__available,0.006275820104024981,0.0,-0.0357999389069114,-0.029524118802886416
outcome_history,M3,waiting,response_mapping,0.1823940020682498,0.0,0.18915197815024765,0.37154598021849744
outcome_history,M3,waiting,response_mapping__available,0.0,0.0,0.0,0.0
