condition_id,task_family,coverage_job_index,selection_role
abs-candidate-0017415,debugging,0,coverage_random_validation
abs-candidate-0028958,debugging,1,coverage_random_validation
abs-candidate-0027495,debugging,2,coverage_random_validation
abs-candidate-0037947,bandit,3,coverage_random_validation
abs-candidate-0030789,information_sampling,4,coverage_random_validation
abs-candidate-0025101,debugging,5,coverage_random_validation
abs-candidate-0032011,bandit,0,coverage_random_validation
abs-candidate-0044339,foraging,1,coverage_random_validation
abs-candidate-0014199,information_sampling,2,coverage_random_validation
abs-candidate-0032506,effort,3,coverage_random_validation
abs-candidate-0043812,debugging,4,coverage_random_validation
abs-candidate-0009524,waiting,5,coverage_random_validation
abs-candidate-0000499,solvability,0,coverage_random_validation
abs-candidate-0041973,foraging,1,coverage_random_validation
abs-candidate-0036668,solvability,2,coverage_random_validation
abs-candidate-0002986,waiting,3,coverage_random_validation
abs-candidate-0015058,foraging,4,coverage_random_validation
abs-candidate-0045951,information_sampling,5,coverage_random_validation
abs-candidate-0009782,information_sampling,0,coverage_random_validation
abs-candidate-0015909,effort,1,coverage_random_validation
abs-candidate-0036452,information_sampling,2,coverage_random_validation
abs-candidate-0029757,bandit,3,coverage_random_validation
abs-candidate-0047061,bandit,4,coverage_random_validation
abs-candidate-0032491,waiting,5,coverage_random_validation
abs-candidate-0039287,information_sampling,0,coverage_random_validation
abs-candidate-0033233,waiting,1,coverage_random_validation
abs-candidate-0012080,effort,2,coverage_random_validation
abs-candidate-0022198,foraging,3,coverage_random_validation
abs-candidate-0022181,effort,4,coverage_random_validation
abs-candidate-0003792,effort,5,coverage_random_validation
abs-candidate-0006121,information_sampling,0,coverage_random_validation
abs-candidate-0036695,foraging,1,coverage_random_validation
abs-candidate-0002829,foraging,2,coverage_random_validation
abs-candidate-0009046,solvability,3,coverage_random_validation
abs-candidate-0000687,foraging,4,coverage_random_validation
abs-candidate-0017809,foraging,5,coverage_random_validation
abs-candidate-0019365,information_sampling,0,coverage_random_validation
abs-candidate-0005763,solvability,1,coverage_random_validation
abs-candidate-0025661,debugging,2,coverage_random_validation
abs-candidate-0047070,solvability,3,coverage_random_validation
abs-candidate-0037975,bandit,4,coverage_random_validation
abs-candidate-0022912,foraging,5,coverage_random_validation
abs-candidate-0045402,bandit,0,coverage_random_validation
abs-candidate-0040546,solvability,1,coverage_random_validation
abs-candidate-0023380,bandit,2,coverage_random_validation
abs-candidate-0029830,information_sampling,3,coverage_random_validation
abs-candidate-0024484,effort,4,coverage_random_validation
abs-candidate-0035188,debugging,5,coverage_random_validation
abs-candidate-0008436,foraging,0,coverage_random_validation
abs-candidate-0038744,debugging,1,coverage_random_validation
abs-candidate-0013201,debugging,2,coverage_random_validation
abs-candidate-0026794,effort,3,coverage_random_validation
abs-candidate-0010407,effort,4,coverage_random_validation
abs-candidate-0042316,foraging,5,coverage_random_validation
abs-candidate-0021768,effort,0,coverage_random_validation
abs-candidate-0042950,effort,1,coverage_random_validation
abs-candidate-0051497,effort,2,coverage_random_validation
abs-candidate-0051355,information_sampling,3,coverage_random_validation
abs-candidate-0025588,information_sampling,4,coverage_random_validation
abs-candidate-0028562,solvability,5,coverage_random_validation
abs-candidate-0040478,waiting,0,coverage_random_validation
abs-candidate-0041343,foraging,1,coverage_random_validation
abs-candidate-0015756,debugging,2,coverage_random_validation
abs-candidate-0026619,effort,3,coverage_random_validation
abs-candidate-0048255,waiting,4,coverage_random_validation
abs-candidate-0042027,debugging,5,coverage_random_validation
abs-candidate-0051281,debugging,0,coverage_random_validation
abs-candidate-0022545,effort,1,coverage_random_validation
abs-candidate-0014104,debugging,2,coverage_random_validation
abs-candidate-0043119,debugging,3,coverage_random_validation
abs-candidate-0029774,information_sampling,4,coverage_random_validation
abs-candidate-0004300,solvability,5,coverage_random_validation
abs-candidate-0033908,bandit,0,coverage_random_validation
abs-candidate-0009377,waiting,1,coverage_random_validation
abs-candidate-0011178,debugging,2,coverage_random_validation
abs-candidate-0047099,information_sampling,3,coverage_random_validation
abs-candidate-0019602,solvability,4,coverage_random_validation
abs-candidate-0039282,effort,5,coverage_random_validation
abs-candidate-0019984,debugging,0,coverage_random_validation
abs-candidate-0030472,foraging,1,coverage_random_validation
abs-candidate-0041221,effort,2,coverage_random_validation
abs-candidate-0041929,debugging,3,coverage_random_validation
abs-candidate-0009423,foraging,4,coverage_random_validation
abs-candidate-0003083,information_sampling,5,coverage_random_validation
abs-candidate-0044865,solvability,0,coverage_random_validation
abs-candidate-0048618,information_sampling,1,coverage_random_validation
abs-candidate-0038863,debugging,2,coverage_random_validation
abs-candidate-0032109,bandit,3,coverage_random_validation
abs-candidate-0041242,effort,4,coverage_random_validation
abs-candidate-0005959,solvability,5,coverage_random_validation
abs-candidate-0007849,solvability,0,coverage_random_validation
abs-candidate-0004932,waiting,1,coverage_random_validation
abs-candidate-0032459,bandit,2,coverage_random_validation
abs-candidate-0049525,bandit,3,coverage_random_validation
abs-candidate-0035694,foraging,4,coverage_random_validation
abs-candidate-0014969,information_sampling,5,coverage_random_validation
abs-candidate-0028563,information_sampling,0,coverage_random_validation
abs-candidate-0046476,information_sampling,1,coverage_random_validation
abs-candidate-0044885,foraging,2,coverage_random_validation
abs-candidate-0032424,bandit,3,coverage_random_validation
abs-candidate-0009408,bandit,4,coverage_random_validation
abs-candidate-0051197,debugging,5,coverage_random_validation
abs-candidate-0043334,waiting,0,coverage_random_validation
abs-candidate-0015173,waiting,1,coverage_random_validation
abs-candidate-0004396,bandit,2,coverage_random_validation
abs-candidate-0040410,debugging,3,coverage_random_validation
abs-candidate-0039889,information_sampling,4,coverage_random_validation
abs-candidate-0005680,information_sampling,5,coverage_random_validation
abs-candidate-0036715,bandit,0,coverage_random_validation
abs-candidate-0026399,solvability,1,coverage_random_validation
abs-candidate-0020162,solvability,2,coverage_random_validation
abs-candidate-0005841,information_sampling,3,coverage_random_validation
abs-candidate-0026688,waiting,4,coverage_random_validation
abs-candidate-0033021,solvability,5,coverage_random_validation
abs-candidate-0035103,effort,0,coverage_random_validation
abs-candidate-0010617,effort,1,coverage_random_validation
abs-candidate-0031755,information_sampling,2,coverage_random_validation
abs-candidate-0016924,effort,3,coverage_random_validation
abs-candidate-0006104,bandit,4,coverage_random_validation
abs-candidate-0024808,bandit,5,coverage_random_validation
abs-candidate-0046791,information_sampling,0,coverage_random_validation
abs-candidate-0031877,debugging,1,coverage_random_validation
abs-candidate-0022170,foraging,2,coverage_random_validation
abs-candidate-0005895,foraging,3,coverage_random_validation
abs-candidate-0040903,solvability,4,coverage_random_validation
abs-candidate-0009388,foraging,5,coverage_random_validation
abs-candidate-0052039,foraging,0,coverage_random_validation
abs-candidate-0010047,solvability,1,coverage_random_validation
abs-candidate-0003879,foraging,2,coverage_random_validation
abs-candidate-0031316,effort,3,coverage_random_validation
abs-candidate-0042838,effort,4,coverage_random_validation
abs-candidate-0001917,debugging,5,coverage_random_validation
abs-candidate-0049332,information_sampling,0,coverage_random_validation
abs-candidate-0006522,effort,1,coverage_random_validation
abs-candidate-0032411,foraging,2,coverage_random_validation
abs-candidate-0024132,information_sampling,3,coverage_random_validation
abs-candidate-0047495,bandit,4,coverage_random_validation
abs-candidate-0020406,foraging,5,coverage_random_validation
abs-candidate-0003281,effort,0,coverage_random_validation
abs-candidate-0017289,debugging,1,coverage_random_validation
abs-candidate-0036138,waiting,2,coverage_random_validation
abs-candidate-0012549,effort,3,coverage_random_validation
abs-candidate-0052178,bandit,4,coverage_random_validation
abs-candidate-0028892,information_sampling,5,coverage_random_validation
abs-candidate-0025175,information_sampling,0,coverage_random_validation
abs-candidate-0024767,foraging,1,coverage_random_validation
abs-candidate-0028972,debugging,2,coverage_random_validation
abs-candidate-0048012,debugging,3,coverage_random_validation
abs-candidate-0021259,bandit,4,coverage_random_validation
abs-candidate-0010406,waiting,5,coverage_random_validation
abs-candidate-0038610,effort,0,coverage_random_validation
abs-candidate-0020227,waiting,1,coverage_random_validation
abs-candidate-0017960,effort,2,coverage_random_validation
abs-candidate-0036925,bandit,3,coverage_random_validation
abs-candidate-0032413,information_sampling,4,coverage_random_validation
abs-candidate-0002536,solvability,5,coverage_random_validation
abs-candidate-0034676,effort,0,coverage_random_validation
abs-candidate-0035968,solvability,1,coverage_random_validation
abs-candidate-0004407,waiting,2,coverage_random_validation
abs-candidate-0002761,information_sampling,3,coverage_random_validation
abs-candidate-0039042,information_sampling,4,coverage_random_validation
abs-candidate-0031720,information_sampling,5,coverage_random_validation
abs-candidate-0052564,foraging,0,coverage_random_validation
abs-candidate-0038065,debugging,1,coverage_random_validation
abs-candidate-0026363,foraging,2,coverage_random_validation
abs-candidate-0009092,debugging,3,coverage_random_validation
abs-candidate-0012063,solvability,4,coverage_random_validation
abs-candidate-0003462,waiting,5,coverage_random_validation
abs-candidate-0018318,debugging,0,coverage_random_validation
abs-candidate-0003260,effort,1,coverage_random_validation
abs-candidate-0006502,debugging,2,coverage_random_validation
abs-candidate-0002169,debugging,3,coverage_random_validation
abs-candidate-0037223,waiting,4,coverage_random_validation
abs-candidate-0010350,waiting,5,coverage_random_validation
abs-candidate-0044264,information_sampling,0,coverage_random_validation
abs-candidate-0007503,debugging,1,coverage_random_validation
abs-candidate-0019718,debugging,2,coverage_random_validation
abs-candidate-0008394,foraging,3,coverage_random_validation
abs-candidate-0002064,debugging,4,coverage_random_validation
abs-candidate-0029749,debugging,5,coverage_random_validation
abs-candidate-0006702,information_sampling,0,coverage_random_validation
abs-candidate-0048438,effort,1,coverage_random_validation
abs-candidate-0040782,bandit,2,coverage_random_validation
abs-candidate-0017193,foraging,3,coverage_random_validation
abs-candidate-0021530,effort,4,coverage_random_validation
abs-candidate-0040630,solvability,5,coverage_random_validation
abs-candidate-0020575,solvability,0,coverage_random_validation
abs-candidate-0000711,waiting,1,coverage_random_validation
abs-candidate-0031095,foraging,2,coverage_random_validation
abs-candidate-0017423,bandit,3,coverage_random_validation
abs-candidate-0045176,effort,4,coverage_random_validation
abs-candidate-0014583,solvability,5,coverage_random_validation
abs-candidate-0025548,effort,0,coverage_random_validation
abs-candidate-0033466,debugging,1,coverage_random_validation
abs-candidate-0008340,information_sampling,2,coverage_random_validation
abs-candidate-0040544,bandit,3,coverage_random_validation
abs-candidate-0043143,solvability,4,coverage_random_validation
abs-candidate-0032164,debugging,5,coverage_random_validation
abs-candidate-0038585,foraging,0,coverage_random_validation
abs-candidate-0005231,solvability,1,coverage_random_validation
abs-candidate-0003559,information_sampling,2,coverage_random_validation
abs-candidate-0041457,information_sampling,3,coverage_random_validation
abs-candidate-0016613,solvability,4,coverage_random_validation
abs-candidate-0002308,effort,5,coverage_random_validation
abs-candidate-0004459,bandit,0,coverage_random_validation
abs-candidate-0006365,solvability,1,coverage_random_validation
abs-candidate-0051383,information_sampling,2,coverage_random_validation
abs-candidate-0009132,waiting,3,coverage_random_validation
abs-candidate-0014802,waiting,4,coverage_random_validation
abs-candidate-0022756,debugging,5,coverage_random_validation
abs-candidate-0045878,bandit,0,coverage_random_validation
abs-candidate-0044171,foraging,1,coverage_random_validation
abs-candidate-0013210,foraging,2,coverage_random_validation
abs-candidate-0023317,bandit,3,coverage_random_validation
abs-candidate-0039730,effort,4,coverage_random_validation
abs-candidate-0037173,information_sampling,5,coverage_random_validation
abs-candidate-0024379,effort,0,coverage_random_validation
abs-candidate-0035046,waiting,1,coverage_random_validation
abs-candidate-0044571,solvability,2,coverage_random_validation
abs-candidate-0004079,effort,3,coverage_random_validation
abs-candidate-0009723,bandit,4,coverage_random_validation
abs-candidate-0021191,solvability,5,coverage_random_validation
abs-candidate-0031789,solvability,0,coverage_random_validation
abs-candidate-0011182,information_sampling,1,coverage_random_validation
abs-candidate-0032501,bandit,2,coverage_random_validation
abs-candidate-0004267,waiting,3,coverage_random_validation
abs-candidate-0039389,bandit,4,coverage_random_validation
abs-candidate-0019814,waiting,5,coverage_random_validation
abs-candidate-0043405,effort,0,coverage_random_validation
abs-candidate-0006346,waiting,1,coverage_random_validation
abs-candidate-0013853,bandit,2,coverage_random_validation
abs-candidate-0015437,solvability,3,coverage_random_validation
abs-candidate-0042979,debugging,4,coverage_random_validation
abs-candidate-0045134,effort,5,coverage_random_validation
abs-candidate-0003915,solvability,0,coverage_random_validation
abs-candidate-0029443,foraging,1,coverage_random_validation
abs-candidate-0011117,foraging,2,coverage_random_validation
abs-candidate-0025413,information_sampling,3,coverage_random_validation
abs-candidate-0043703,solvability,4,coverage_random_validation
abs-candidate-0043611,foraging,5,coverage_random_validation
abs-candidate-0012103,bandit,0,coverage_random_validation
abs-candidate-0045999,solvability,1,coverage_random_validation
abs-candidate-0030611,bandit,2,coverage_random_validation
abs-candidate-0035602,bandit,3,coverage_random_validation
abs-candidate-0043553,debugging,4,coverage_random_validation
abs-candidate-0035783,debugging,5,coverage_random_validation
abs-candidate-0037350,effort,0,coverage_random_validation
abs-candidate-0037472,foraging,1,coverage_random_validation
abs-candidate-0030296,bandit,2,coverage_random_validation
abs-candidate-0028939,foraging,3,coverage_random_validation
abs-candidate-0000401,solvability,4,coverage_random_validation
abs-candidate-0011926,effort,5,coverage_random_validation
abs-candidate-0035598,information_sampling,0,coverage_random_validation
abs-candidate-0007621,effort,1,coverage_random_validation
abs-candidate-0011489,solvability,2,coverage_random_validation
abs-candidate-0028464,solvability,3,coverage_random_validation
abs-candidate-0048377,bandit,4,coverage_random_validation
abs-candidate-0032632,effort,5,coverage_random_validation
abs-candidate-0023159,information_sampling,0,coverage_random_validation
abs-candidate-0009340,solvability,1,coverage_random_validation
abs-candidate-0046362,foraging,2,coverage_random_validation
abs-candidate-0049621,effort,3,coverage_random_validation
abs-candidate-0033554,information_sampling,4,coverage_random_validation
abs-candidate-0048809,effort,5,coverage_random_validation
abs-candidate-0021260,foraging,0,coverage_random_validation
abs-candidate-0050896,debugging,1,coverage_random_validation
abs-candidate-0043804,effort,2,coverage_random_validation
abs-candidate-0010075,solvability,3,coverage_random_validation
abs-candidate-0021958,debugging,4,coverage_random_validation
abs-candidate-0020526,solvability,5,coverage_random_validation
abs-candidate-0042903,bandit,0,coverage_random_validation
abs-candidate-0025403,bandit,1,coverage_random_validation
abs-candidate-0020510,bandit,2,coverage_random_validation
abs-candidate-0022804,effort,3,coverage_random_validation
abs-candidate-0032047,foraging,4,coverage_random_validation
abs-candidate-0004629,solvability,5,coverage_random_validation
abs-candidate-0031958,information_sampling,0,coverage_random_validation
abs-candidate-0014354,waiting,1,coverage_random_validation
abs-candidate-0005975,waiting,2,coverage_random_validation
abs-candidate-0018009,effort,3,coverage_random_validation
abs-candidate-0012105,solvability,4,coverage_random_validation
abs-candidate-0002804,waiting,5,coverage_random_validation
abs-candidate-0022576,foraging,0,coverage_random_validation
abs-candidate-0039163,effort,1,coverage_random_validation
abs-candidate-0052477,effort,2,coverage_random_validation
abs-candidate-0026191,waiting,3,coverage_random_validation
abs-candidate-0007651,bandit,4,coverage_random_validation
abs-candidate-0042833,bandit,5,coverage_random_validation
abs-candidate-0024866,solvability,0,coverage_random_validation
abs-candidate-0044304,foraging,1,coverage_random_validation
abs-candidate-0034446,debugging,2,coverage_random_validation
abs-candidate-0008674,foraging,3,coverage_random_validation
abs-candidate-0043947,foraging,4,coverage_random_validation
abs-candidate-0042501,waiting,5,coverage_random_validation
abs-candidate-0040229,bandit,0,coverage_random_validation
abs-candidate-0021602,bandit,1,coverage_random_validation
abs-candidate-0017597,debugging,2,coverage_random_validation
abs-candidate-0039533,waiting,3,coverage_random_validation
abs-candidate-0011841,waiting,4,coverage_random_validation
abs-candidate-0045666,effort,5,coverage_random_validation
abs-candidate-0034081,effort,0,coverage_random_validation
abs-candidate-0043619,solvability,1,coverage_random_validation
abs-candidate-0003056,waiting,2,coverage_random_validation
abs-candidate-0009002,bandit,3,coverage_random_validation
abs-candidate-0013102,effort,4,coverage_random_validation
abs-candidate-0015219,foraging,5,coverage_random_validation
abs-candidate-0025709,effort,0,coverage_random_validation
abs-candidate-0015732,information_sampling,1,coverage_random_validation
abs-candidate-0050055,effort,2,coverage_random_validation
abs-candidate-0043928,information_sampling,3,coverage_random_validation
abs-candidate-0027675,waiting,4,coverage_random_validation
abs-candidate-0048156,information_sampling,5,coverage_random_validation
abs-candidate-0029168,debugging,0,coverage_random_validation
abs-candidate-0035043,foraging,1,coverage_random_validation
abs-candidate-0003026,solvability,2,coverage_random_validation
abs-candidate-0013351,solvability,3,coverage_random_validation
abs-candidate-0027679,foraging,4,coverage_random_validation
abs-candidate-0028743,foraging,5,coverage_random_validation
abs-candidate-0013672,foraging,0,coverage_random_validation
abs-candidate-0003498,effort,1,coverage_random_validation
abs-candidate-0012008,information_sampling,2,coverage_random_validation
abs-candidate-0043637,debugging,3,coverage_random_validation
abs-candidate-0034217,foraging,4,coverage_random_validation
abs-candidate-0011948,debugging,5,coverage_random_validation
abs-candidate-0040758,waiting,0,coverage_random_validation
abs-candidate-0042598,information_sampling,1,coverage_random_validation
abs-candidate-0027219,information_sampling,2,coverage_random_validation
abs-candidate-0031183,effort,3,coverage_random_validation
abs-candidate-0016693,effort,4,coverage_random_validation
abs-candidate-0028466,waiting,5,coverage_random_validation
abs-candidate-0035869,foraging,0,coverage_random_validation
abs-candidate-0010828,debugging,1,coverage_random_validation
abs-candidate-0029879,information_sampling,2,coverage_random_validation
abs-candidate-0045347,foraging,3,coverage_random_validation
abs-candidate-0047621,bandit,4,coverage_random_validation
abs-candidate-0007424,waiting,5,coverage_random_validation
abs-candidate-0036227,solvability,0,coverage_random_validation
abs-candidate-0031718,foraging,1,coverage_random_validation
abs-candidate-0035088,waiting,2,coverage_random_validation
abs-candidate-0008054,waiting,3,coverage_random_validation
abs-candidate-0028891,solvability,4,coverage_random_validation
abs-candidate-0014806,foraging,5,coverage_random_validation
abs-candidate-0042921,waiting,0,coverage_random_validation
abs-candidate-0029404,waiting,1,coverage_random_validation
abs-candidate-0031380,debugging,2,coverage_random_validation
abs-candidate-0010876,effort,3,coverage_random_validation
abs-candidate-0046126,information_sampling,4,coverage_random_validation
abs-candidate-0049704,waiting,5,coverage_random_validation
abs-candidate-0041369,debugging,0,coverage_random_validation
abs-candidate-0037444,foraging,1,coverage_random_validation
abs-candidate-0009685,waiting,2,coverage_random_validation
abs-candidate-0018943,foraging,3,coverage_random_validation
abs-candidate-0045874,information_sampling,4,coverage_random_validation
abs-candidate-0049855,foraging,5,coverage_random_validation
abs-candidate-0011169,waiting,0,coverage_random_validation
abs-candidate-0030652,debugging,1,coverage_random_validation
abs-candidate-0026417,debugging,2,coverage_random_validation
abs-candidate-0031336,waiting,3,coverage_random_validation
abs-candidate-0044053,solvability,4,coverage_random_validation
abs-candidate-0047561,information_sampling,5,coverage_random_validation
abs-candidate-0045907,foraging,0,coverage_random_validation
abs-candidate-0027187,debugging,1,coverage_random_validation
abs-candidate-0037903,effort,2,coverage_random_validation
abs-candidate-0002325,foraging,3,coverage_random_validation
abs-candidate-0042941,information_sampling,4,coverage_random_validation
abs-candidate-0033295,information_sampling,5,coverage_random_validation
abs-candidate-0052336,waiting,0,coverage_random_validation
abs-candidate-0036098,debugging,1,coverage_random_validation
abs-candidate-0022357,debugging,2,coverage_random_validation
abs-candidate-0012282,waiting,3,coverage_random_validation
abs-candidate-0019450,waiting,4,coverage_random_validation
abs-candidate-0052311,bandit,5,coverage_random_validation
abs-candidate-0028887,effort,0,coverage_random_validation
abs-candidate-0022415,foraging,1,coverage_random_validation
abs-candidate-0014835,solvability,2,coverage_random_validation
abs-candidate-0047550,debugging,3,coverage_random_validation
abs-candidate-0012449,information_sampling,4,coverage_random_validation
abs-candidate-0017684,solvability,5,coverage_random_validation
abs-candidate-0048169,solvability,0,coverage_random_validation
abs-candidate-0049609,bandit,1,coverage_random_validation
abs-candidate-0014912,solvability,2,coverage_random_validation
abs-candidate-0030606,solvability,3,coverage_random_validation
abs-candidate-0023287,effort,4,coverage_random_validation
abs-candidate-0011131,foraging,5,coverage_random_validation
abs-candidate-0043573,effort,0,coverage_random_validation
abs-candidate-0043096,waiting,1,coverage_random_validation
abs-candidate-0050327,waiting,2,coverage_random_validation
abs-candidate-0019471,waiting,3,coverage_random_validation
abs-candidate-0032658,information_sampling,4,coverage_random_validation
abs-candidate-0026785,information_sampling,5,coverage_random_validation
abs-candidate-0028841,foraging,0,coverage_random_validation
abs-candidate-0027764,solvability,1,coverage_random_validation
abs-candidate-0018837,bandit,2,coverage_random_validation
abs-candidate-0003139,information_sampling,3,coverage_random_validation
abs-candidate-0032305,bandit,4,coverage_random_validation
abs-candidate-0000391,debugging,5,coverage_random_validation
abs-candidate-0013301,foraging,0,coverage_random_validation
abs-candidate-0049640,information_sampling,1,coverage_random_validation
abs-candidate-0041873,debugging,2,coverage_random_validation
abs-candidate-0039297,debugging,3,coverage_random_validation
abs-candidate-0029095,information_sampling,4,coverage_random_validation
abs-candidate-0015628,waiting,5,coverage_random_validation
abs-candidate-0041734,bandit,0,coverage_random_validation
abs-candidate-0008577,solvability,1,coverage_random_validation
abs-candidate-0002385,effort,2,coverage_random_validation
abs-candidate-0010579,solvability,3,coverage_random_validation
abs-candidate-0029234,solvability,4,coverage_random_validation
abs-candidate-0021628,effort,5,coverage_random_validation
abs-candidate-0008864,solvability,0,coverage_random_validation
abs-candidate-0045745,bandit,1,coverage_random_validation
abs-candidate-0023927,foraging,2,coverage_random_validation
abs-candidate-0039177,effort,3,coverage_random_validation
abs-candidate-0014357,bandit,4,coverage_random_validation
abs-candidate-0045489,information_sampling,5,coverage_random_validation
abs-candidate-0052068,solvability,0,coverage_random_validation
abs-candidate-0050595,debugging,1,coverage_random_validation
abs-candidate-0011703,debugging,2,coverage_random_validation
abs-candidate-0037012,information_sampling,3,coverage_random_validation
abs-candidate-0010965,information_sampling,4,coverage_random_validation
abs-candidate-0040560,solvability,5,coverage_random_validation
abs-candidate-0045099,effort,0,coverage_random_validation
abs-candidate-0009993,waiting,1,coverage_random_validation
abs-candidate-0047537,bandit,2,coverage_random_validation
abs-candidate-0021398,debugging,3,coverage_random_validation
abs-candidate-0025716,effort,4,coverage_random_validation
abs-candidate-0014661,information_sampling,5,coverage_random_validation
abs-candidate-0032628,foraging,0,coverage_random_validation
abs-candidate-0003507,bandit,1,coverage_random_validation
abs-candidate-0032280,information_sampling,2,coverage_random_validation
abs-candidate-0017537,solvability,3,coverage_random_validation
abs-candidate-0014669,waiting,4,coverage_random_validation
abs-candidate-0009455,effort,5,coverage_random_validation
abs-candidate-0003603,effort,0,coverage_random_validation
abs-candidate-0052279,information_sampling,1,coverage_random_validation
abs-candidate-0031923,information_sampling,2,coverage_random_validation
abs-candidate-0049631,foraging,3,coverage_random_validation
abs-candidate-0040107,waiting,4,coverage_random_validation
abs-candidate-0028949,waiting,5,coverage_random_validation
abs-candidate-0036423,solvability,0,coverage_random_validation
abs-candidate-0014314,debugging,1,coverage_random_validation
abs-candidate-0006065,information_sampling,2,coverage_random_validation
abs-candidate-0002407,debugging,3,coverage_random_validation
abs-candidate-0023838,information_sampling,4,coverage_random_validation
abs-candidate-0029721,debugging,5,coverage_random_validation
abs-candidate-0017123,foraging,0,coverage_random_validation
abs-candidate-0005738,effort,1,coverage_random_validation
abs-candidate-0005221,debugging,2,coverage_random_validation
abs-candidate-0007110,effort,3,coverage_random_validation
abs-candidate-0048500,waiting,4,coverage_random_validation
abs-candidate-0026346,effort,5,coverage_random_validation
abs-candidate-0051960,debugging,0,coverage_random_validation
abs-candidate-0044124,information_sampling,1,coverage_random_validation
abs-candidate-0000050,foraging,2,coverage_random_validation
abs-candidate-0004983,debugging,3,coverage_random_validation
abs-candidate-0010453,solvability,4,coverage_random_validation
abs-candidate-0030386,debugging,5,coverage_random_validation
abs-candidate-0040277,debugging,0,coverage_random_validation
abs-candidate-0049629,debugging,1,coverage_random_validation
abs-candidate-0041575,solvability,2,coverage_random_validation
abs-candidate-0030418,information_sampling,3,coverage_random_validation
abs-candidate-0030957,information_sampling,4,coverage_random_validation
abs-candidate-0033116,debugging,5,coverage_random_validation
abs-candidate-0006889,foraging,0,coverage_random_validation
abs-candidate-0014283,information_sampling,1,coverage_random_validation
abs-candidate-0031693,waiting,2,coverage_random_validation
abs-candidate-0029535,solvability,3,coverage_random_validation
abs-candidate-0037718,solvability,4,coverage_random_validation
abs-candidate-0019235,debugging,5,coverage_random_validation
abs-candidate-0042942,waiting,0,coverage_random_validation
abs-candidate-0003300,information_sampling,1,coverage_random_validation
abs-candidate-0036870,foraging,2,coverage_random_validation
abs-candidate-0039946,waiting,3,coverage_random_validation
abs-candidate-0041177,information_sampling,4,coverage_random_validation
abs-candidate-0002657,waiting,5,coverage_random_validation
abs-candidate-0018940,effort,0,coverage_random_validation
abs-candidate-0025396,bandit,1,coverage_random_validation
abs-candidate-0040160,foraging,2,coverage_random_validation
abs-candidate-0014590,solvability,3,coverage_random_validation
abs-candidate-0029551,waiting,4,coverage_random_validation
abs-candidate-0018014,information_sampling,5,coverage_random_validation
abs-candidate-0038290,bandit,0,coverage_random_validation
abs-candidate-0046798,information_sampling,1,coverage_random_validation
abs-candidate-0049930,debugging,2,coverage_random_validation
abs-candidate-0002567,effort,3,coverage_random_validation
abs-candidate-0029606,information_sampling,4,coverage_random_validation
abs-candidate-0014966,bandit,5,coverage_random_validation
abs-candidate-0005989,waiting,0,coverage_random_validation
abs-candidate-0026087,effort,1,coverage_random_validation
abs-candidate-0007320,effort,2,coverage_random_validation
abs-candidate-0031445,foraging,3,coverage_random_validation
abs-candidate-0007580,debugging,4,coverage_random_validation
abs-candidate-0005563,effort,5,coverage_random_validation
abs-candidate-0046797,solvability,0,coverage_random_validation
abs-candidate-0020435,solvability,1,coverage_random_validation
abs-candidate-0035219,solvability,2,coverage_random_validation
abs-candidate-0004870,effort,3,coverage_random_validation
abs-candidate-0048233,information_sampling,4,coverage_random_validation
abs-candidate-0002538,waiting,5,coverage_random_validation
abs-candidate-0023694,debugging,0,coverage_random_validation
abs-candidate-0025973,information_sampling,1,coverage_random_validation
abs-candidate-0024434,waiting,2,coverage_random_validation
abs-candidate-0037662,solvability,3,coverage_random_validation
abs-candidate-0042626,information_sampling,4,coverage_random_validation
abs-candidate-0039160,solvability,5,coverage_random_validation
abs-candidate-0004107,effort,0,coverage_random_validation
abs-candidate-0046513,effort,1,coverage_random_validation
abs-candidate-0037380,bandit,2,coverage_random_validation
abs-candidate-0049600,effort,3,coverage_random_validation
abs-candidate-0018929,foraging,4,coverage_random_validation
abs-candidate-0043668,solvability,5,coverage_random_validation
abs-candidate-0022278,waiting,0,coverage_random_validation
abs-candidate-0012884,waiting,1,coverage_random_validation
abs-candidate-0000459,waiting,2,coverage_random_validation
abs-candidate-0023214,solvability,3,coverage_random_validation
abs-candidate-0049951,debugging,4,coverage_random_validation
abs-candidate-0009513,bandit,5,coverage_random_validation
abs-candidate-0043048,effort,0,coverage_random_validation
abs-candidate-0010571,foraging,1,coverage_random_validation
abs-candidate-0002837,solvability,2,coverage_random_validation
abs-candidate-0050397,waiting,3,coverage_random_validation
abs-candidate-0007950,effort,4,coverage_random_validation
abs-candidate-0015027,effort,5,coverage_random_validation
abs-candidate-0013166,debugging,0,coverage_random_validation
abs-candidate-0027782,debugging,1,coverage_random_validation
abs-candidate-0022955,solvability,2,coverage_random_validation
abs-candidate-0006499,information_sampling,3,coverage_random_validation
abs-candidate-0040250,bandit,4,coverage_random_validation
abs-candidate-0052297,bandit,5,coverage_random_validation
abs-candidate-0022320,waiting,0,coverage_random_validation
abs-candidate-0041239,solvability,1,coverage_random_validation
abs-candidate-0009795,solvability,2,coverage_random_validation
abs-candidate-0046252,information_sampling,3,coverage_random_validation
abs-candidate-0000814,solvability,4,coverage_random_validation
abs-candidate-0032437,debugging,5,coverage_random_validation
abs-candidate-0025920,debugging,0,coverage_random_validation
abs-candidate-0044793,bandit,1,coverage_random_validation
abs-candidate-0045523,solvability,2,coverage_random_validation
abs-candidate-0027510,bandit,3,coverage_random_validation
abs-candidate-0002756,effort,4,coverage_random_validation
abs-candidate-0027093,information_sampling,5,coverage_random_validation
abs-candidate-0040602,solvability,0,coverage_random_validation
abs-candidate-0033365,information_sampling,1,coverage_random_validation
abs-candidate-0003641,foraging,2,coverage_random_validation
abs-candidate-0042210,bandit,3,coverage_random_validation
abs-candidate-0045028,waiting,4,coverage_random_validation
abs-candidate-0050570,solvability,5,coverage_random_validation
abs-candidate-0039480,bandit,0,coverage_random_validation
abs-candidate-0021309,foraging,1,coverage_random_validation
abs-candidate-0026854,solvability,2,coverage_random_validation
abs-candidate-0028507,information_sampling,3,coverage_random_validation
abs-candidate-0051304,foraging,4,coverage_random_validation
abs-candidate-0011155,waiting,5,coverage_random_validation
abs-candidate-0018381,debugging,0,coverage_random_validation
abs-candidate-0003440,information_sampling,1,coverage_random_validation
abs-candidate-0030389,solvability,2,coverage_random_validation
abs-candidate-0026763,solvability,3,coverage_random_validation
abs-candidate-0003241,bandit,4,coverage_random_validation
abs-candidate-0013878,waiting,5,coverage_random_validation
abs-candidate-0008339,solvability,0,coverage_random_validation
abs-candidate-0026402,effort,1,coverage_random_validation
abs-candidate-0048605,waiting,2,coverage_random_validation
abs-candidate-0030655,solvability,3,coverage_random_validation
abs-candidate-0028746,waiting,4,coverage_random_validation
abs-candidate-0020737,information_sampling,5,coverage_random_validation
abs-candidate-0046703,debugging,0,coverage_random_validation
abs-candidate-0006962,waiting,1,coverage_random_validation
abs-candidate-0047965,foraging,2,coverage_random_validation
abs-candidate-0008202,effort,3,coverage_random_validation
abs-candidate-0031137,foraging,4,coverage_random_validation
abs-candidate-0010364,waiting,5,coverage_random_validation
abs-candidate-0015556,solvability,0,coverage_random_validation
abs-candidate-0005252,solvability,1,coverage_random_validation
abs-candidate-0017311,bandit,2,coverage_random_validation
abs-candidate-0007613,waiting,3,coverage_random_validation
abs-candidate-0033844,debugging,4,coverage_random_validation
abs-candidate-0044371,effort,5,coverage_random_validation
abs-candidate-0051914,solvability,0,coverage_random_validation
abs-candidate-0016372,debugging,1,coverage_random_validation
abs-candidate-0037677,information_sampling,2,coverage_random_validation
abs-candidate-0036231,debugging,3,coverage_random_validation
abs-candidate-0051629,waiting,4,coverage_random_validation
abs-candidate-0041120,solvability,5,coverage_random_validation
abs-candidate-0037771,debugging,0,coverage_random_validation
abs-candidate-0040079,waiting,1,coverage_random_validation
abs-candidate-0006376,debugging,2,coverage_random_validation
abs-candidate-0050220,solvability,3,coverage_random_validation
abs-candidate-0007735,bandit,4,coverage_random_validation
abs-candidate-0027862,solvability,5,coverage_random_validation
abs-candidate-0012571,debugging,0,coverage_random_validation
abs-candidate-0032633,debugging,1,coverage_random_validation
abs-candidate-0024827,effort,2,coverage_random_validation
abs-candidate-0030863,bandit,3,coverage_random_validation
abs-candidate-0047888,foraging,4,coverage_random_validation
abs-candidate-0047831,bandit,5,coverage_random_validation
abs-candidate-0030599,solvability,0,coverage_random_validation
abs-candidate-0016127,debugging,1,coverage_random_validation
abs-candidate-0019771,information_sampling,2,coverage_random_validation
abs-candidate-0009152,information_sampling,3,coverage_random_validation
abs-candidate-0035423,information_sampling,4,coverage_random_validation
abs-candidate-0047446,bandit,5,coverage_random_validation
abs-candidate-0047762,foraging,0,coverage_random_validation
abs-candidate-0009910,effort,1,coverage_random_validation
abs-candidate-0044243,information_sampling,2,coverage_random_validation
abs-candidate-0047624,information_sampling,3,coverage_random_validation
abs-candidate-0021856,solvability,4,coverage_random_validation
abs-candidate-0008213,solvability,5,coverage_random_validation
abs-candidate-0032275,effort,0,coverage_random_validation
abs-candidate-0041768,debugging,1,coverage_random_validation
abs-candidate-0036584,solvability,2,coverage_random_validation
abs-candidate-0009211,debugging,3,coverage_random_validation
abs-candidate-0044673,debugging,4,coverage_random_validation
abs-candidate-0042492,solvability,5,coverage_random_validation
abs-candidate-0047642,bandit,0,coverage_random_validation
abs-candidate-0029538,effort,1,coverage_random_validation
abs-candidate-0020138,debugging,2,coverage_random_validation
abs-candidate-0037441,effort,3,coverage_random_validation
abs-candidate-0033143,effort,4,coverage_random_validation
abs-candidate-0003092,effort,5,coverage_random_validation
abs-candidate-0051182,effort,0,coverage_random_validation
abs-candidate-0046942,bandit,1,coverage_random_validation
abs-candidate-0036748,effort,2,coverage_random_validation
abs-candidate-0011104,solvability,3,coverage_random_validation
abs-candidate-0023431,solvability,4,coverage_random_validation
abs-candidate-0006519,solvability,5,coverage_random_validation
abs-candidate-0029370,effort,0,coverage_random_validation
abs-candidate-0029039,information_sampling,1,coverage_random_validation
abs-candidate-0027733,debugging,2,coverage_random_validation
abs-candidate-0039947,effort,3,coverage_random_validation
abs-candidate-0017695,debugging,4,coverage_random_validation
abs-candidate-0047679,solvability,5,coverage_random_validation
abs-candidate-0028564,waiting,0,coverage_random_validation
abs-candidate-0041547,solvability,1,coverage_random_validation
abs-candidate-0009832,waiting,2,coverage_random_validation
abs-candidate-0043437,solvability,3,coverage_random_validation
abs-candidate-0050692,effort,4,coverage_random_validation
abs-candidate-0044416,foraging,5,coverage_random_validation
abs-candidate-0016370,waiting,0,coverage_random_validation
abs-candidate-0029499,foraging,1,coverage_random_validation
abs-candidate-0008643,effort,2,coverage_random_validation
abs-candidate-0052118,information_sampling,3,coverage_random_validation
abs-candidate-0035330,foraging,4,coverage_random_validation
abs-candidate-0043727,effort,5,coverage_random_validation
abs-candidate-0001721,debugging,0,coverage_random_validation
abs-candidate-0033500,effort,1,coverage_random_validation
abs-candidate-0050765,foraging,2,coverage_random_validation
abs-candidate-0001729,bandit,3,coverage_random_validation
abs-candidate-0049680,foraging,4,coverage_random_validation
abs-candidate-0029490,debugging,5,coverage_random_validation
abs-candidate-0017327,solvability,0,coverage_random_validation
abs-candidate-0017706,information_sampling,1,coverage_random_validation
abs-candidate-0019916,foraging,2,coverage_random_validation
abs-candidate-0007043,foraging,3,coverage_random_validation
abs-candidate-0049423,information_sampling,4,coverage_random_validation
abs-candidate-0029311,solvability,5,coverage_random_validation
abs-candidate-0007342,debugging,0,coverage_random_validation
abs-candidate-0002798,effort,1,coverage_random_validation
abs-candidate-0027162,solvability,2,coverage_random_validation
abs-candidate-0018525,information_sampling,3,coverage_random_validation
abs-candidate-0013213,waiting,4,coverage_random_validation
abs-candidate-0019612,effort,5,coverage_random_validation
abs-candidate-0037171,foraging,0,coverage_random_validation
abs-candidate-0016116,solvability,1,coverage_random_validation
abs-candidate-0029747,waiting,2,coverage_random_validation
abs-candidate-0040748,foraging,3,coverage_random_validation
abs-candidate-0038521,bandit,4,coverage_random_validation
abs-candidate-0024327,solvability,5,coverage_random_validation
abs-candidate-0031891,debugging,0,coverage_random_validation
abs-candidate-0048602,foraging,1,coverage_random_validation
abs-candidate-0028046,waiting,2,coverage_random_validation
abs-candidate-0014380,solvability,3,coverage_random_validation
abs-candidate-0040296,waiting,4,coverage_random_validation
abs-candidate-0009060,solvability,5,coverage_random_validation
abs-candidate-0050492,foraging,0,coverage_random_validation
abs-candidate-0041984,effort,1,coverage_random_validation
abs-candidate-0014395,information_sampling,2,coverage_random_validation
abs-candidate-0022793,foraging,3,coverage_random_validation
abs-candidate-0017241,bandit,4,coverage_random_validation
abs-candidate-0036373,foraging,5,coverage_random_validation
abs-candidate-0039834,waiting,0,coverage_random_validation
abs-candidate-0023275,bandit,1,coverage_random_validation
abs-candidate-0021341,effort,2,coverage_random_validation
abs-candidate-0004873,foraging,3,coverage_random_validation
abs-candidate-0019544,bandit,4,coverage_random_validation
abs-candidate-0026784,solvability,5,coverage_random_validation
abs-candidate-0022874,effort,0,coverage_random_validation
abs-candidate-0014563,information_sampling,1,coverage_random_validation
abs-candidate-0031527,debugging,2,coverage_random_validation
abs-candidate-0025387,effort,3,coverage_random_validation
abs-candidate-0037729,debugging,4,coverage_random_validation
abs-candidate-0027232,solvability,5,coverage_random_validation
abs-candidate-0015721,debugging,0,coverage_random_validation
abs-candidate-0039556,debugging,1,coverage_random_validation
abs-candidate-0036874,effort,2,coverage_random_validation
abs-candidate-0038446,solvability,3,coverage_random_validation
abs-candidate-0045954,debugging,4,coverage_random_validation
abs-candidate-0016288,debugging,5,coverage_random_validation
abs-candidate-0037160,waiting,0,coverage_random_validation
abs-candidate-0036070,debugging,1,coverage_random_validation
abs-candidate-0044928,solvability,2,coverage_random_validation
abs-candidate-0023256,solvability,3,coverage_random_validation
abs-candidate-0013101,waiting,4,coverage_random_validation
abs-candidate-0001196,debugging,5,coverage_random_validation
abs-candidate-0044004,solvability,0,coverage_random_validation
abs-candidate-0012058,waiting,1,coverage_random_validation
abs-candidate-0011405,solvability,2,coverage_random_validation
abs-candidate-0030738,foraging,3,coverage_random_validation
abs-candidate-0049013,debugging,4,coverage_random_validation
abs-candidate-0038682,bandit,5,coverage_random_validation
abs-candidate-0050731,solvability,0,coverage_random_validation
abs-candidate-0000621,effort,1,coverage_random_validation
abs-candidate-0020716,information_sampling,2,coverage_random_validation
abs-candidate-0021348,effort,3,coverage_random_validation
abs-candidate-0051850,foraging,4,coverage_random_validation
abs-candidate-0017702,debugging,5,coverage_random_validation
abs-candidate-0016746,solvability,0,coverage_random_validation
abs-candidate-0007322,bandit,1,coverage_random_validation
abs-candidate-0035236,effort,2,coverage_random_validation
abs-candidate-0006164,waiting,3,coverage_random_validation
abs-candidate-0016661,foraging,4,coverage_random_validation
abs-candidate-0034296,information_sampling,5,coverage_random_validation
abs-candidate-0023839,waiting,0,coverage_random_validation
abs-candidate-0016093,bandit,1,coverage_random_validation
abs-candidate-0026149,waiting,2,coverage_random_validation
abs-candidate-0016104,waiting,3,coverage_random_validation
abs-candidate-0044700,effort,4,coverage_random_validation
abs-candidate-0018150,debugging,5,coverage_random_validation
abs-candidate-0026190,information_sampling,0,coverage_random_validation
abs-candidate-0022012,waiting,1,coverage_random_validation
abs-candidate-0002611,bandit,2,coverage_random_validation
abs-candidate-0024073,bandit,3,coverage_random_validation
abs-candidate-0028642,effort,4,coverage_random_validation
abs-candidate-0012500,effort,5,coverage_random_validation
abs-candidate-0048661,waiting,0,coverage_random_validation
abs-candidate-0037359,bandit,1,coverage_random_validation
abs-candidate-0015763,debugging,2,coverage_random_validation
abs-candidate-0047925,information_sampling,3,coverage_random_validation
abs-candidate-0027891,information_sampling,4,coverage_random_validation
abs-candidate-0032619,debugging,5,coverage_random_validation
abs-candidate-0049158,waiting,0,coverage_random_validation
abs-candidate-0004986,solvability,1,coverage_random_validation
abs-candidate-0024689,bandit,2,coverage_random_validation
abs-candidate-0003330,effort,3,coverage_random_validation
abs-candidate-0028604,solvability,4,coverage_random_validation
abs-candidate-0032539,information_sampling,5,coverage_random_validation
abs-candidate-0038921,foraging,0,coverage_random_validation
abs-candidate-0007801,information_sampling,1,coverage_random_validation
abs-candidate-0010993,information_sampling,2,coverage_random_validation
abs-candidate-0023680,debugging,3,coverage_random_validation
abs-candidate-0039702,effort,4,coverage_random_validation
abs-candidate-0009112,effort,5,coverage_random_validation
abs-candidate-0043650,effort,0,coverage_random_validation
abs-candidate-0048690,effort,1,coverage_random_validation
abs-candidate-0038359,debugging,2,coverage_random_validation
abs-candidate-0048369,debugging,3,coverage_random_validation
abs-candidate-0021068,effort,4,coverage_random_validation
abs-candidate-0012521,effort,5,coverage_random_validation
abs-candidate-0049649,effort,0,coverage_random_validation
abs-candidate-0045799,effort,1,coverage_random_validation
abs-candidate-0009413,effort,2,coverage_random_validation
abs-candidate-0043259,debugging,3,coverage_random_validation
abs-candidate-0021717,information_sampling,4,coverage_random_validation
abs-candidate-0007892,information_sampling,5,coverage_random_validation
abs-candidate-0017558,solvability,0,coverage_random_validation
abs-candidate-0020234,waiting,1,coverage_random_validation
abs-candidate-0012731,effort,2,coverage_random_validation
abs-candidate-0028854,bandit,3,coverage_random_validation
abs-candidate-0011567,information_sampling,4,coverage_random_validation
abs-candidate-0031303,debugging,5,coverage_random_validation
abs-candidate-0040351,information_sampling,0,coverage_random_validation
abs-candidate-0032446,foraging,1,coverage_random_validation
abs-candidate-0051330,debugging,2,coverage_random_validation
abs-candidate-0011112,information_sampling,3,coverage_random_validation
abs-candidate-0018335,solvability,4,coverage_random_validation
abs-candidate-0009118,waiting,5,coverage_random_validation
abs-candidate-0020755,bandit,0,coverage_random_validation
abs-candidate-0009511,effort,1,coverage_random_validation
abs-candidate-0039364,information_sampling,2,coverage_random_validation
abs-candidate-0044722,debugging,3,coverage_random_validation
abs-candidate-0045604,debugging,4,coverage_random_validation
abs-candidate-0020118,bandit,5,coverage_random_validation
abs-candidate-0013560,foraging,0,coverage_random_validation
abs-candidate-0012663,bandit,1,coverage_random_validation
abs-candidate-0032888,solvability,2,coverage_random_validation
abs-candidate-0003401,debugging,3,coverage_random_validation
abs-candidate-0010592,foraging,4,coverage_random_validation
abs-candidate-0012299,bandit,5,coverage_random_validation
abs-candidate-0042899,information_sampling,0,coverage_random_validation
abs-candidate-0041057,solvability,1,coverage_random_validation
abs-candidate-0040372,information_sampling,2,coverage_random_validation
abs-candidate-0000701,foraging,3,coverage_random_validation
abs-candidate-0016785,debugging,4,coverage_random_validation
abs-candidate-0040242,debugging,5,coverage_random_validation
abs-candidate-0047229,bandit,0,coverage_random_validation
abs-candidate-0007690,waiting,1,coverage_random_validation
abs-candidate-0027692,bandit,2,coverage_random_validation
abs-candidate-0032288,waiting,3,coverage_random_validation
abs-candidate-0034288,solvability,4,coverage_random_validation
abs-candidate-0051461,waiting,5,coverage_random_validation
abs-candidate-0033659,information_sampling,0,coverage_random_validation
abs-candidate-0027951,bandit,1,coverage_random_validation
abs-candidate-0043780,solvability,2,coverage_random_validation
abs-candidate-0029426,effort,3,coverage_random_validation
abs-candidate-0050534,foraging,4,coverage_random_validation
abs-candidate-0015436,foraging,5,coverage_random_validation
abs-candidate-0013316,solvability,0,coverage_random_validation
abs-candidate-0031562,debugging,1,coverage_random_validation
abs-candidate-0011640,debugging,2,coverage_random_validation
abs-candidate-0015523,waiting,3,coverage_random_validation
abs-candidate-0039863,effort,4,coverage_random_validation
abs-candidate-0012704,debugging,5,coverage_random_validation
abs-candidate-0009550,solvability,0,coverage_random_validation
abs-candidate-0038881,information_sampling,1,coverage_random_validation
abs-candidate-0042976,information_sampling,2,coverage_random_validation
abs-candidate-0051169,debugging,3,coverage_random_validation
abs-candidate-0047856,waiting,4,coverage_random_validation
abs-candidate-0038631,effort,5,coverage_random_validation
abs-candidate-0026243,bandit,0,coverage_random_validation
abs-candidate-0015282,foraging,1,coverage_random_validation
abs-candidate-0018635,foraging,2,coverage_random_validation
abs-candidate-0013103,debugging,3,coverage_random_validation
abs-candidate-0050228,information_sampling,4,coverage_random_validation
abs-candidate-0048957,debugging,5,coverage_random_validation
abs-candidate-0028283,information_sampling,0,coverage_random_validation
abs-candidate-0049220,information_sampling,1,coverage_random_validation
abs-candidate-0007955,information_sampling,2,coverage_random_validation
abs-candidate-0043052,solvability,3,coverage_random_validation
abs-candidate-0044702,bandit,4,coverage_random_validation
abs-candidate-0047250,bandit,5,coverage_random_validation
abs-candidate-0029716,foraging,0,coverage_random_validation
abs-candidate-0007200,waiting,1,coverage_random_validation
abs-candidate-0012115,effort,2,coverage_random_validation
abs-candidate-0029225,bandit,3,coverage_random_validation
abs-candidate-0046919,effort,4,coverage_random_validation
abs-candidate-0045053,foraging,5,coverage_random_validation
abs-candidate-0007920,information_sampling,0,coverage_random_validation
abs-candidate-0041273,foraging,1,coverage_random_validation
abs-candidate-0027949,effort,2,coverage_random_validation
abs-candidate-0007366,solvability,3,coverage_random_validation
abs-candidate-0003081,foraging,4,coverage_random_validation
abs-candidate-0001583,foraging,5,coverage_random_validation
abs-candidate-0009732,solvability,0,coverage_random_validation
abs-candidate-0050040,waiting,1,coverage_random_validation
abs-candidate-0020436,information_sampling,2,coverage_random_validation
abs-candidate-0045051,debugging,3,coverage_random_validation
abs-candidate-0022640,solvability,4,coverage_random_validation
abs-candidate-0008178,solvability,5,coverage_random_validation
abs-candidate-0043339,solvability,0,coverage_random_validation
abs-candidate-0015560,debugging,1,coverage_random_validation
abs-candidate-0026984,debugging,2,coverage_random_validation
abs-candidate-0031538,information_sampling,3,coverage_random_validation
abs-candidate-0050537,waiting,4,coverage_random_validation
abs-candidate-0050832,effort,5,coverage_random_validation
abs-candidate-0051483,effort,0,coverage_random_validation
abs-candidate-0035782,effort,1,coverage_random_validation
abs-candidate-0020285,debugging,2,coverage_random_validation
abs-candidate-0042259,bandit,3,coverage_random_validation
abs-candidate-0020846,bandit,4,coverage_random_validation
abs-candidate-0032018,bandit,5,coverage_random_validation
abs-candidate-0015050,bandit,0,coverage_random_validation
abs-candidate-0006076,bandit,1,coverage_random_validation
abs-candidate-0047612,effort,2,coverage_random_validation
abs-candidate-0048988,solvability,3,coverage_random_validation
abs-candidate-0027769,bandit,4,coverage_random_validation
abs-candidate-0022898,foraging,5,coverage_random_validation
abs-candidate-0010250,solvability,0,coverage_random_validation
abs-candidate-0016066,foraging,1,coverage_random_validation
abs-candidate-0033547,information_sampling,2,coverage_random_validation
abs-candidate-0045289,debugging,3,coverage_random_validation
abs-candidate-0035443,solvability,4,coverage_random_validation
abs-candidate-0034889,foraging,5,coverage_random_validation
abs-candidate-0051292,information_sampling,0,coverage_random_validation
abs-candidate-0032423,debugging,1,coverage_random_validation
abs-candidate-0023127,debugging,2,coverage_random_validation
abs-candidate-0017734,information_sampling,3,coverage_random_validation
abs-candidate-0050041,effort,4,coverage_random_validation
abs-candidate-0013774,effort,5,coverage_random_validation
abs-candidate-0038937,information_sampling,0,coverage_random_validation
abs-candidate-0021038,information_sampling,1,coverage_random_validation
abs-candidate-0010603,effort,2,coverage_random_validation
abs-candidate-0030117,information_sampling,3,coverage_random_validation
abs-candidate-0039357,information_sampling,4,coverage_random_validation
abs-candidate-0013055,bandit,5,coverage_random_validation
abs-candidate-0047167,foraging,0,coverage_random_validation
abs-candidate-0050382,information_sampling,1,coverage_random_validation
abs-candidate-0034503,bandit,2,coverage_random_validation
abs-candidate-0044945,effort,3,coverage_random_validation
abs-candidate-0045888,information_sampling,4,coverage_random_validation
abs-candidate-0009089,information_sampling,5,coverage_random_validation
abs-candidate-0032599,bandit,0,coverage_random_validation
abs-candidate-0000364,bandit,1,coverage_random_validation
abs-candidate-0049346,information_sampling,2,coverage_random_validation
abs-candidate-0018976,debugging,3,coverage_random_validation
abs-candidate-0001058,foraging,4,coverage_random_validation
abs-candidate-0004384,solvability,5,coverage_random_validation
abs-candidate-0026029,information_sampling,0,coverage_random_validation
abs-candidate-0016669,solvability,1,coverage_random_validation
abs-candidate-0033435,information_sampling,2,coverage_random_validation
abs-candidate-0032282,effort,3,coverage_random_validation
abs-candidate-0038635,solvability,4,coverage_random_validation
abs-candidate-0045044,debugging,5,coverage_random_validation
abs-candidate-0045832,information_sampling,0,coverage_random_validation
abs-candidate-0023172,solvability,1,coverage_random_validation
abs-candidate-0026994,solvability,2,coverage_random_validation
abs-candidate-0032462,information_sampling,3,coverage_random_validation
abs-candidate-0010382,foraging,4,coverage_random_validation
abs-candidate-0006797,bandit,5,coverage_random_validation
abs-candidate-0005182,solvability,0,coverage_random_validation
abs-candidate-0009319,solvability,1,coverage_random_validation
abs-candidate-0012862,information_sampling,2,coverage_random_validation
abs-candidate-0050453,waiting,3,coverage_random_validation
abs-candidate-0003937,information_sampling,4,coverage_random_validation
abs-candidate-0013827,solvability,5,coverage_random_validation
abs-candidate-0045852,solvability,0,coverage_random_validation
abs-candidate-0009100,bandit,1,coverage_random_validation
abs-candidate-0030616,effort,2,coverage_random_validation
abs-candidate-0025540,waiting,3,coverage_random_validation
abs-candidate-0017871,bandit,4,coverage_random_validation
abs-candidate-0037411,information_sampling,5,coverage_random_validation
abs-candidate-0006814,information_sampling,0,coverage_random_validation
abs-candidate-0029891,foraging,1,coverage_random_validation
abs-candidate-0004776,solvability,2,coverage_random_validation
abs-candidate-0043034,effort,3,coverage_random_validation
abs-candidate-0044847,effort,4,coverage_random_validation
abs-candidate-0007773,information_sampling,5,coverage_random_validation
abs-candidate-0007129,information_sampling,0,coverage_random_validation
abs-candidate-0009493,foraging,1,coverage_random_validation
abs-candidate-0014813,foraging,2,coverage_random_validation
abs-candidate-0047723,waiting,3,coverage_random_validation
abs-candidate-0033369,bandit,4,coverage_random_validation
abs-candidate-0011719,foraging,5,coverage_random_validation
abs-candidate-0024124,solvability,0,coverage_random_validation
abs-candidate-0022197,bandit,1,coverage_random_validation
abs-candidate-0045210,waiting,2,coverage_random_validation
abs-candidate-0012962,effort,3,coverage_random_validation
abs-candidate-0020960,solvability,4,coverage_random_validation
abs-candidate-0023459,solvability,5,coverage_random_validation
abs-candidate-0034893,effort,0,coverage_random_validation
abs-candidate-0004052,debugging,1,coverage_random_validation
abs-candidate-0004574,information_sampling,2,coverage_random_validation
abs-candidate-0037582,debugging,3,coverage_random_validation
abs-candidate-0011503,solvability,4,coverage_random_validation
abs-candidate-0051343,effort,5,coverage_random_validation
abs-candidate-0031804,information_sampling,0,coverage_random_validation
abs-candidate-0018551,foraging,1,coverage_random_validation
abs-candidate-0018056,information_sampling,2,coverage_random_validation
abs-candidate-0021323,foraging,3,coverage_random_validation
abs-candidate-0020148,solvability,4,coverage_random_validation
abs-candidate-0006359,information_sampling,5,coverage_random_validation
abs-candidate-0040396,debugging,0,coverage_random_validation
abs-candidate-0010903,waiting,1,coverage_random_validation
abs-candidate-0022809,information_sampling,2,coverage_random_validation
abs-candidate-0010071,effort,3,coverage_random_validation
abs-candidate-0045252,waiting,4,coverage_random_validation
abs-candidate-0016813,debugging,5,coverage_random_validation
abs-candidate-0010167,information_sampling,0,coverage_random_validation
abs-candidate-0047506,waiting,1,coverage_random_validation
abs-candidate-0006170,information_sampling,2,coverage_random_validation
abs-candidate-0037964,information_sampling,3,coverage_random_validation
abs-candidate-0052221,foraging,4,coverage_random_validation
abs-candidate-0034207,effort,5,coverage_random_validation
abs-candidate-0033313,bandit,0,coverage_random_validation
abs-candidate-0028304,information_sampling,1,coverage_random_validation
abs-candidate-0034694,solvability,2,coverage_random_validation
abs-candidate-0028647,information_sampling,3,coverage_random_validation
abs-candidate-0001103,waiting,4,coverage_random_validation
abs-candidate-0008638,bandit,5,coverage_random_validation
abs-candidate-0038755,information_sampling,0,coverage_random_validation
abs-candidate-0003114,debugging,1,coverage_random_validation
abs-candidate-0037845,information_sampling,2,coverage_random_validation
abs-candidate-0017884,debugging,3,coverage_random_validation
abs-candidate-0009090,waiting,4,coverage_random_validation
abs-candidate-0000869,foraging,5,coverage_random_validation
abs-candidate-0003870,debugging,0,coverage_random_validation
abs-candidate-0048066,waiting,1,coverage_random_validation
abs-candidate-0024728,waiting,2,coverage_random_validation
abs-candidate-0051178,foraging,3,coverage_random_validation
abs-candidate-0020473,effort,4,coverage_random_validation
abs-candidate-0028151,waiting,5,coverage_random_validation
abs-candidate-0010891,debugging,0,coverage_random_validation
abs-candidate-0023707,effort,1,coverage_random_validation
abs-candidate-0001322,debugging,2,coverage_random_validation
abs-candidate-0052095,foraging,3,coverage_random_validation
abs-candidate-0016603,debugging,4,coverage_random_validation
abs-candidate-0011346,debugging,5,coverage_random_validation
abs-candidate-0024041,information_sampling,0,coverage_random_validation
abs-candidate-0004967,waiting,1,coverage_random_validation
abs-candidate-0001467,waiting,2,coverage_random_validation
abs-candidate-0000837,waiting,3,coverage_random_validation
abs-candidate-0024870,debugging,4,coverage_random_validation
abs-candidate-0035262,information_sampling,5,coverage_random_validation
abs-candidate-0038608,information_sampling,0,coverage_random_validation
abs-candidate-0043797,effort,1,coverage_random_validation
abs-candidate-0017675,bandit,2,coverage_random_validation
abs-candidate-0029117,waiting,3,coverage_random_validation
abs-candidate-0018999,foraging,4,coverage_random_validation
abs-candidate-0026903,solvability,5,coverage_random_validation
abs-candidate-0034086,information_sampling,0,coverage_random_validation
abs-candidate-0013654,waiting,1,coverage_random_validation
abs-candidate-0006392,foraging,2,coverage_random_validation
abs-candidate-0048158,effort,3,coverage_random_validation
abs-candidate-0046323,waiting,4,coverage_random_validation
abs-candidate-0019971,bandit,5,coverage_random_validation
abs-candidate-0001768,waiting,0,coverage_random_validation
abs-candidate-0032009,effort,1,coverage_random_validation
abs-candidate-0022430,solvability,2,coverage_random_validation
abs-candidate-0013152,debugging,3,coverage_random_validation
abs-candidate-0029456,bandit,4,coverage_random_validation
abs-candidate-0007712,effort,5,coverage_random_validation
abs-candidate-0004397,foraging,0,coverage_random_validation
abs-candidate-0002237,waiting,1,coverage_random_validation
abs-candidate-0015142,foraging,2,coverage_random_validation
abs-candidate-0019338,waiting,3,coverage_random_validation
abs-candidate-0022107,foraging,4,coverage_random_validation
abs-candidate-0038956,foraging,5,coverage_random_validation
abs-candidate-0025764,waiting,0,coverage_random_validation
abs-candidate-0052353,bandit,1,coverage_random_validation
abs-candidate-0049310,solvability,2,coverage_random_validation
abs-candidate-0010899,bandit,3,coverage_random_validation
abs-candidate-0029483,debugging,4,coverage_random_validation
abs-candidate-0032963,bandit,5,coverage_random_validation
abs-candidate-0001200,information_sampling,0,coverage_random_validation
abs-candidate-0047628,bandit,1,coverage_random_validation
abs-candidate-0007065,solvability,2,coverage_random_validation
abs-candidate-0040119,solvability,3,coverage_random_validation
abs-candidate-0046356,solvability,4,coverage_random_validation
abs-candidate-0001487,information_sampling,5,coverage_random_validation
abs-candidate-0023559,waiting,0,coverage_random_validation
abs-candidate-0041439,debugging,1,coverage_random_validation
abs-candidate-0045163,debugging,2,coverage_random_validation
abs-candidate-0030749,effort,3,coverage_random_validation
abs-candidate-0009623,effort,4,coverage_random_validation
abs-candidate-0035970,waiting,5,coverage_random_validation
abs-candidate-0035863,solvability,0,coverage_random_validation
abs-candidate-0024004,foraging,1,coverage_random_validation
abs-candidate-0047734,foraging,2,coverage_random_validation
abs-candidate-0004312,bandit,3,coverage_random_validation
abs-candidate-0025839,solvability,4,coverage_random_validation
abs-candidate-0006456,solvability,5,coverage_random_validation
abs-candidate-0005640,effort,0,coverage_random_validation
abs-candidate-0028109,waiting,1,coverage_random_validation
abs-candidate-0024136,bandit,2,coverage_random_validation
abs-candidate-0049587,debugging,3,coverage_random_validation
abs-candidate-0034433,bandit,4,coverage_random_validation
abs-candidate-0038307,information_sampling,5,coverage_random_validation
abs-candidate-0014242,waiting,0,coverage_random_validation
abs-candidate-0023596,debugging,1,coverage_random_validation
abs-candidate-0033111,foraging,2,coverage_random_validation
abs-candidate-0027741,bandit,3,coverage_random_validation
abs-candidate-0019079,waiting,4,coverage_random_validation
abs-candidate-0052357,waiting,5,coverage_random_validation
abs-candidate-0050035,debugging,0,coverage_random_validation
abs-candidate-0051102,solvability,1,coverage_random_validation
abs-candidate-0044409,foraging,2,coverage_random_validation
abs-candidate-0047027,foraging,3,coverage_random_validation
abs-candidate-0001108,solvability,4,coverage_random_validation
abs-candidate-0037081,solvability,5,coverage_random_validation
abs-candidate-0040369,bandit,0,coverage_random_validation
abs-candidate-0049516,effort,1,coverage_random_validation
abs-candidate-0012090,foraging,2,coverage_random_validation
abs-candidate-0005289,waiting,3,coverage_random_validation
abs-candidate-0046445,bandit,4,coverage_random_validation
abs-candidate-0036172,information_sampling,5,coverage_random_validation
abs-candidate-0015714,debugging,0,coverage_random_validation
abs-candidate-0036802,information_sampling,1,coverage_random_validation
abs-candidate-0024662,foraging,2,coverage_random_validation
abs-candidate-0004456,waiting,3,coverage_random_validation
abs-candidate-0024353,bandit,4,coverage_random_validation
abs-candidate-0010227,bandit,5,coverage_random_validation
abs-candidate-0051507,foraging,0,coverage_random_validation
abs-candidate-0002972,waiting,1,coverage_random_validation
abs-candidate-0017455,waiting,2,coverage_random_validation
abs-candidate-0005063,solvability,3,coverage_random_validation
abs-candidate-0030682,foraging,4,coverage_random_validation
abs-candidate-0019727,foraging,5,coverage_random_validation
abs-candidate-0024144,foraging,0,coverage_random_validation
abs-candidate-0025171,debugging,1,coverage_random_validation
abs-candidate-0008819,debugging,2,coverage_random_validation
abs-candidate-0049773,information_sampling,3,coverage_random_validation
abs-candidate-0031008,effort,4,coverage_random_validation
abs-candidate-0013627,effort,5,coverage_random_validation
abs-candidate-0039577,debugging,0,coverage_random_validation
abs-candidate-0045552,information_sampling,1,coverage_random_validation
abs-candidate-0026760,debugging,2,coverage_random_validation
abs-candidate-0039959,information_sampling,3,coverage_random_validation
abs-candidate-0043798,debugging,4,coverage_random_validation
abs-candidate-0045784,waiting,5,coverage_random_validation
abs-candidate-0003292,solvability,0,coverage_random_validation
abs-candidate-0031701,effort,1,coverage_random_validation
abs-candidate-0020253,solvability,2,coverage_random_validation
abs-candidate-0043413,debugging,3,coverage_random_validation
abs-candidate-0043742,debugging,4,coverage_random_validation
abs-candidate-0011090,solvability,5,coverage_random_validation
abs-candidate-0016497,effort,0,coverage_random_validation
abs-candidate-0013428,solvability,1,coverage_random_validation
abs-candidate-0027241,waiting,2,coverage_random_validation
abs-candidate-0026357,solvability,3,coverage_random_validation
abs-candidate-0030673,debugging,4,coverage_random_validation
abs-candidate-0008088,information_sampling,5,coverage_random_validation
abs-candidate-0045749,waiting,0,coverage_random_validation
abs-candidate-0039617,waiting,1,coverage_random_validation
abs-candidate-0021281,foraging,2,coverage_random_validation
abs-candidate-0051308,effort,3,coverage_random_validation
abs-candidate-0026204,information_sampling,4,coverage_random_validation
abs-candidate-0051347,solvability,5,coverage_random_validation
abs-candidate-0046497,information_sampling,0,coverage_random_validation
abs-candidate-0007127,foraging,1,coverage_random_validation
abs-candidate-0042860,debugging,2,coverage_random_validation
abs-candidate-0031251,information_sampling,3,coverage_random_validation
abs-candidate-0027251,bandit,4,coverage_random_validation
abs-candidate-0048246,solvability,5,coverage_random_validation
abs-candidate-0034687,solvability,0,coverage_random_validation
abs-candidate-0049905,solvability,1,coverage_random_validation
abs-candidate-0043712,waiting,2,coverage_random_validation
abs-candidate-0030719,information_sampling,3,coverage_random_validation
abs-candidate-0027527,information_sampling,4,coverage_random_validation
abs-candidate-0018072,effort,5,coverage_random_validation
abs-candidate-0001665,debugging,0,coverage_random_validation
abs-candidate-0001922,waiting,1,coverage_random_validation
abs-candidate-0014212,solvability,2,coverage_random_validation
abs-candidate-0042636,debugging,3,coverage_random_validation
abs-candidate-0017014,waiting,4,coverage_random_validation
abs-candidate-0002993,waiting,5,coverage_random_validation
abs-candidate-0015259,debugging,0,coverage_random_validation
abs-candidate-0002077,effort,1,coverage_random_validation
abs-candidate-0001955,solvability,2,coverage_random_validation
abs-candidate-0008750,bandit,3,coverage_random_validation
abs-candidate-0014607,effort,4,coverage_random_validation
abs-candidate-0031617,effort,5,coverage_random_validation
abs-candidate-0031209,information_sampling,0,coverage_random_validation
abs-candidate-0007253,foraging,1,coverage_random_validation
abs-candidate-0025365,waiting,2,coverage_random_validation
abs-candidate-0011928,bandit,3,coverage_random_validation
abs-candidate-0001067,information_sampling,4,coverage_random_validation
abs-candidate-0006463,solvability,5,coverage_random_validation
abs-candidate-0005130,debugging,0,coverage_random_validation
abs-candidate-0025996,effort,1,coverage_random_validation
abs-candidate-0019890,information_sampling,2,coverage_random_validation
abs-candidate-0013226,information_sampling,3,coverage_random_validation
abs-candidate-0035515,waiting,4,coverage_random_validation
abs-candidate-0003538,information_sampling,5,coverage_random_validation
abs-candidate-0022335,effort,0,coverage_random_validation
abs-candidate-0032017,debugging,1,coverage_random_validation
abs-candidate-0021900,waiting,2,coverage_random_validation
abs-candidate-0017222,solvability,3,coverage_random_validation
abs-candidate-0048378,foraging,4,coverage_random_validation
abs-candidate-0003339,bandit,5,coverage_random_validation
abs-candidate-0024190,effort,0,coverage_random_validation
abs-candidate-0041823,effort,1,coverage_random_validation
abs-candidate-0047416,effort,2,coverage_random_validation
abs-candidate-0036473,information_sampling,3,coverage_random_validation
abs-candidate-0011486,debugging,4,coverage_random_validation
abs-candidate-0050604,foraging,5,coverage_random_validation
abs-candidate-0041301,foraging,0,coverage_random_validation
abs-candidate-0026000,solvability,1,coverage_random_validation
abs-candidate-0039278,foraging,2,coverage_random_validation
abs-candidate-0042630,bandit,3,coverage_random_validation
abs-candidate-0050579,waiting,4,coverage_random_validation
abs-candidate-0023597,bandit,5,coverage_random_validation
abs-candidate-0030044,bandit,0,coverage_random_validation
abs-candidate-0018394,effort,1,coverage_random_validation
abs-candidate-0030688,bandit,2,coverage_random_validation
abs-candidate-0017351,effort,3,coverage_random_validation
abs-candidate-0018640,debugging,4,coverage_random_validation
abs-candidate-0014693,bandit,5,coverage_random_validation
abs-candidate-0001454,effort,0,coverage_random_validation
abs-candidate-0036646,foraging,1,coverage_random_validation
abs-candidate-0047900,debugging,2,coverage_random_validation
abs-candidate-0050525,debugging,3,coverage_random_validation
abs-candidate-0012383,bandit,4,coverage_random_validation
abs-candidate-0011998,bandit,5,coverage_random_validation
abs-candidate-0023226,bandit,0,coverage_random_validation
abs-candidate-0037694,debugging,1,coverage_random_validation
abs-candidate-0048362,debugging,2,coverage_random_validation
abs-candidate-0006999,debugging,3,coverage_random_validation
abs-candidate-0029010,solvability,4,coverage_random_validation
abs-candidate-0038834,effort,5,coverage_random_validation
abs-candidate-0028205,solvability,0,coverage_random_validation
abs-candidate-0046680,waiting,1,coverage_random_validation
abs-candidate-0042889,bandit,2,coverage_random_validation
abs-candidate-0003274,effort,3,coverage_random_validation
abs-candidate-0024402,bandit,4,coverage_random_validation
abs-candidate-0045245,waiting,5,coverage_random_validation
abs-candidate-0001161,debugging,0,coverage_random_validation
abs-candidate-0026812,solvability,1,coverage_random_validation
