artifact_id,comparison,metric,estimate,ci_lower,ci_upper,bootstrap_valid,bootstrap_samples,confidence,resampling_unit,stratified_by
das_000_contextual_outcome_history_latent_context_L30_r8,generic_value,global_cfr,0.03184274572983259,-0.014281212959266876,0.07308065819850952,2000,2000,0.95,contrast_id,task_family
das_000_contextual_outcome_history_latent_context_L30_r8,generic_value,correlation,-0.012447865550887125,-0.29537795755060325,0.3320512463634397,1999,2000,0.95,contrast_id,task_family
das_000_contextual_outcome_history_latent_context_L30_r8,generic_value,slope,-0.0039889519432797565,-0.09641628461139418,0.08636296777653606,2000,2000,0.95,contrast_id,task_family
das_000_contextual_outcome_history_latent_context_L30_r8,generic_value,intercept,0.02508062184146114,-0.09348646220117582,0.13606878051426116,2000,2000,0.95,contrast_id,task_family
das_000_contextual_outcome_history_latent_context_L30_r8,generic_value,rmse,1.0727606972879526,1.0217896331700287,1.1185717796713532,2000,2000,0.95,contrast_id,task_family
das_000_contextual_outcome_history_latent_context_L30_r8,generic_value,sign_accuracy,0.2777777777777778,0.0625,0.47368421052631576,2000,2000,0.95,contrast_id,task_family
das_000_contextual_outcome_history_latent_context_L30_r8,persistence_output,global_cfr,0.40076566832211113,0.353949645689819,0.4566628970737968,2000,2000,0.95,contrast_id,task_family
das_000_contextual_outcome_history_latent_context_L30_r8,persistence_output,correlation,0.07241294009558465,-0.273668847981582,0.44554159540162974,1998,2000,0.95,contrast_id,task_family
das_000_contextual_outcome_history_latent_context_L30_r8,persistence_output,slope,0.027220751035113754,-0.08024675124834195,0.18394603894320258,2000,2000,0.95,contrast_id,task_family
das_000_contextual_outcome_history_latent_context_L30_r8,persistence_output,intercept,0.22796079543136885,0.05469729351518178,0.3604173322252524,2000,2000,0.95,contrast_id,task_family
das_000_contextual_outcome_history_latent_context_L30_r8,persistence_output,rmse,0.8439724023702408,0.7728142473134155,0.9012867520571451,2000,2000,0.95,contrast_id,task_family
das_000_contextual_outcome_history_latent_context_L30_r8,persistence_output,sign_accuracy,0.9444444444444444,0.8421052631578947,1.0,2000,2000,0.95,contrast_id,task_family
das_000_contextual_outcome_history_latent_context_L30_r8,persistence_state,global_cfr,-0.009247041815868107,-0.05966668953651775,0.02573961687632,2000,2000,0.95,contrast_id,task_family
das_000_contextual_outcome_history_latent_context_L30_r8,persistence_state,correlation,-0.27219749805114685,-0.6510963469579171,0.085489537345626,1990,2000,0.95,contrast_id,task_family
das_000_contextual_outcome_history_latent_context_L30_r8,persistence_state,slope,-0.06842603286935522,-0.19947295760157,0.018745842982140135,2000,2000,0.95,contrast_id,task_family
das_000_contextual_outcome_history_latent_context_L30_r8,persistence_state,intercept,0.07285750923933978,-0.028094047257720908,0.19988843584988322,2000,2000,0.95,contrast_id,task_family
das_000_contextual_outcome_history_latent_context_L30_r8,persistence_state,rmse,1.0952887943026728,1.0486483732283722,1.1370657667248099,2000,2000,0.95,contrast_id,task_family
das_000_contextual_outcome_history_latent_context_L30_r8,persistence_state,sign_accuracy,0.1111111111111111,0.0,0.2,2000,2000,0.95,contrast_id,task_family
das_000_contextual_outcome_history_latent_context_L30_r8,response_mapping,global_cfr,-0.03211252408082088,-0.08238677669432493,-0.004187470211618027,2000,2000,0.95,contrast_id,task_family
das_000_contextual_outcome_history_latent_context_L30_r8,response_mapping,correlation,-0.10198434244170705,-0.4365533374631859,0.18298011099409894,2000,2000,0.95,contrast_id,task_family
das_000_contextual_outcome_history_latent_context_L30_r8,response_mapping,slope,-0.030812089747233748,-0.15893249856218214,0.0429239469853753,2000,2000,0.95,contrast_id,task_family
das_000_contextual_outcome_history_latent_context_L30_r8,response_mapping,intercept,0.018918684768473183,-0.06370357734488907,0.143576677167034,2000,2000,0.95,contrast_id,task_family
das_000_contextual_outcome_history_latent_context_L30_r8,response_mapping,rmse,1.1076267250171916,1.064651222353125,1.1480308789957543,2000,2000,0.95,contrast_id,task_family
das_000_contextual_outcome_history_latent_context_L30_r8,response_mapping,sign_accuracy,0.1111111111111111,0.0,0.2,2000,2000,0.95,contrast_id,task_family
das_000_contextual_outcome_history_latent_context_L30_r8,task_id,global_cfr,-0.0230665486665671,-0.03982837365786907,0.0,2000,2000,0.95,contrast_id,task_family
das_000_contextual_outcome_history_latent_context_L30_r8,task_id,correlation,0.21146388133086752,0.12167107710521528,0.3209235316106098,1931,2000,0.95,contrast_id,task_family
das_000_contextual_outcome_history_latent_context_L30_r8,task_id,slope,0.035439058277477814,0.0,0.06251108893284779,2000,2000,0.95,contrast_id,task_family
das_000_contextual_outcome_history_latent_context_L30_r8,task_id,intercept,-0.0516230875207841,-0.0893571046377376,0.0,2000,2000,0.95,contrast_id,task_family
das_000_contextual_outcome_history_latent_context_L30_r8,task_id,rmse,1.1027621318617862,1.058686483832717,1.1421630641352216,2000,2000,0.95,contrast_id,task_family
das_000_contextual_outcome_history_latent_context_L30_r8,task_id,sign_accuracy,0.0,0.0,0.0,2000,2000,0.95,contrast_id,task_family
das_000_contextual_outcome_history_latent_context_L30_r8,shuffled_source,global_cfr,0.3289727266641147,-0.34010806514900127,0.8655856185547022,2000,2000,0.95,contrast_id,task_family
das_000_contextual_outcome_history_latent_context_L30_r8,shuffled_source,correlation,0.4738988805029154,0.1568545452713873,0.7469142428446193,2000,2000,0.95,contrast_id,task_family
das_000_contextual_outcome_history_latent_context_L30_r8,shuffled_source,slope,1.454715005475239,0.2133433565988672,2.7004773203512227,2000,2000,0.95,contrast_id,task_family
das_000_contextual_outcome_history_latent_context_L30_r8,shuffled_source,intercept,-1.1044822945114385,-2.802163678732991,0.5855060639793,2000,2000,0.95,contrast_id,task_family
das_000_contextual_outcome_history_latent_context_L30_r8,shuffled_source,rmse,0.8930997914828569,0.3957971322661066,1.2373017505866393,2000,2000,0.95,contrast_id,task_family
das_000_contextual_outcome_history_latent_context_L30_r8,shuffled_source,sign_accuracy,0.7222222222222222,0.47368421052631576,0.9444444444444444,2000,2000,0.95,contrast_id,task_family
das_000_contextual_outcome_history_latent_context_L30_r8,shuffled_target,global_cfr,0.9294852376052601,0.9114168009464333,0.9503001941651619,2000,2000,0.95,contrast_id,task_family
das_000_contextual_outcome_history_latent_context_L30_r8,shuffled_target,correlation,0.2979555260869622,-0.0010073045363500433,0.670274202966666,2000,2000,0.95,contrast_id,task_family
das_000_contextual_outcome_history_latent_context_L30_r8,shuffled_target,slope,0.2531281325091858,-0.0007615807439312986,0.5631439735001436,2000,2000,0.95,contrast_id,task_family
das_000_contextual_outcome_history_latent_context_L30_r8,shuffled_target,intercept,0.6686911015749364,0.26096393439763005,1.0143274468567016,2000,2000,0.95,contrast_id,task_family
das_000_contextual_outcome_history_latent_context_L30_r8,shuffled_target,rmse,0.28890403714974594,0.23518576859118387,0.3339993611122049,2000,2000,0.95,contrast_id,task_family
das_000_contextual_outcome_history_latent_context_L30_r8,shuffled_target,sign_accuracy,1.0,1.0,1.0,2000,2000,0.95,contrast_id,task_family
das_000_contextual_outcome_history_latent_context_L30_r8,unrelated_DAS:das_001_outcome_history_dual_history_L28_r2,global_cfr,0.5679641918001135,0.5374274077602226,0.600457805164714,2000,2000,0.95,contrast_id,task_family
das_000_contextual_outcome_history_latent_context_L30_r8,unrelated_DAS:das_001_outcome_history_dual_history_L28_r2,correlation,0.08290476862598428,-0.17526414993322809,0.3318207247496935,2000,2000,0.95,contrast_id,task_family
das_000_contextual_outcome_history_latent_context_L30_r8,unrelated_DAS:das_001_outcome_history_dual_history_L28_r2,slope,0.04482007849595012,-0.10325146500720783,0.1696028589794601,2000,2000,0.95,contrast_id,task_family
das_000_contextual_outcome_history_latent_context_L30_r8,unrelated_DAS:das_001_outcome_history_dual_history_L28_r2,intercept,0.34811057130559236,0.19083385654215615,0.5304707045694796,2000,2000,0.95,contrast_id,task_family
das_000_contextual_outcome_history_latent_context_L30_r8,unrelated_DAS:das_001_outcome_history_dual_history_L28_r2,rmse,0.7166214011827676,0.6726231027092411,0.7543774734059121,2000,2000,0.95,contrast_id,task_family
das_000_contextual_outcome_history_latent_context_L30_r8,unrelated_DAS:das_001_outcome_history_dual_history_L28_r2,sign_accuracy,1.0,1.0,1.0,2000,2000,0.95,contrast_id,task_family
das_000_contextual_outcome_history_latent_context_L30_r8,unrelated_DAS:das_002_outcome_history_outcome_history_L30_r2,global_cfr,0.6036906472482026,0.5671714819282804,0.6369207358792279,2000,2000,0.95,contrast_id,task_family
das_000_contextual_outcome_history_latent_context_L30_r8,unrelated_DAS:das_002_outcome_history_outcome_history_L30_r2,correlation,0.16279254064493734,-0.09254653670218993,0.5156451917781077,2000,2000,0.95,contrast_id,task_family
das_000_contextual_outcome_history_latent_context_L30_r8,unrelated_DAS:das_002_outcome_history_outcome_history_L30_r2,slope,0.08255422329597385,-0.05172443193382569,0.2199206914935834,2000,2000,0.95,contrast_id,task_family
das_000_contextual_outcome_history_latent_context_L30_r8,unrelated_DAS:das_002_outcome_history_outcome_history_L30_r2,intercept,0.33571042720011046,0.17124088839417742,0.4801983667657265,2000,2000,0.95,contrast_id,task_family
das_000_contextual_outcome_history_latent_context_L30_r8,unrelated_DAS:das_002_outcome_history_outcome_history_L30_r2,rmse,0.6863522516367174,0.6388318297362474,0.7294358596895529,2000,2000,0.95,contrast_id,task_family
das_000_contextual_outcome_history_latent_context_L30_r8,unrelated_DAS:das_002_outcome_history_outcome_history_L30_r2,sign_accuracy,1.0,1.0,1.0,2000,2000,0.95,contrast_id,task_family
das_000_contextual_outcome_history_latent_context_L30_r8,candidate,global_cfr,0.9301290076517662,0.9128865929224853,0.9529528189710011,2000,2000,0.95,contrast_id,task_family
das_000_contextual_outcome_history_latent_context_L30_r8,candidate,correlation,0.30208446578576115,-0.020459659711894344,0.6713962588522951,2000,2000,0.95,contrast_id,task_family
das_000_contextual_outcome_history_latent_context_L30_r8,candidate,slope,0.25891791816049325,-0.014606358038906449,0.58242835131808,2000,2000,0.95,contrast_id,task_family
das_000_contextual_outcome_history_latent_context_L30_r8,candidate,intercept,0.6618137761526273,0.24141042454795963,1.0257826271424908,2000,2000,0.95,contrast_id,task_family
das_000_contextual_outcome_history_latent_context_L30_r8,candidate,rmse,0.2881896354464604,0.22778121035832047,0.3295099206055661,2000,2000,0.95,contrast_id,task_family
das_000_contextual_outcome_history_latent_context_L30_r8,candidate,sign_accuracy,1.0,1.0,1.0,2000,2000,0.95,contrast_id,task_family
das_001_outcome_history_dual_history_L28_r2,generic_value,global_cfr,0.09208627463667884,0.043741341031360306,0.14119500149581835,2000,2000,0.95,contrast_id,task_family
das_001_outcome_history_dual_history_L28_r2,generic_value,correlation,0.19475602998072492,-0.09635351829920566,0.4636196348750511,2000,2000,0.95,contrast_id,task_family
das_001_outcome_history_dual_history_L28_r2,generic_value,slope,0.07619494573930367,-0.03782366407532984,0.18094821020470284,2000,2000,0.95,contrast_id,task_family
das_001_outcome_history_dual_history_L28_r2,generic_value,intercept,-0.03003280759833572,-0.15790119750899975,0.11035771266307591,2000,2000,0.95,contrast_id,task_family
das_001_outcome_history_dual_history_L28_r2,generic_value,rmse,1.123328261006165,1.0852993580859323,1.165264042709372,2000,2000,0.95,contrast_id,task_family
das_001_outcome_history_dual_history_L28_r2,generic_value,sign_accuracy,0.4583333333333333,0.36,0.5652173913043478,2000,2000,0.95,contrast_id,task_family
das_001_outcome_history_dual_history_L28_r2,persistence_output,global_cfr,0.4847109998758877,0.4318868693934665,0.5391084016085551,2000,2000,0.95,contrast_id,task_family
das_001_outcome_history_dual_history_L28_r2,persistence_output,correlation,0.6210979685680089,0.4100645553686402,0.8039802544792646,2000,2000,0.95,contrast_id,task_family
das_001_outcome_history_dual_history_L28_r2,persistence_output,slope,0.3517228632488971,0.19558312515264126,0.5106264237540147,2000,2000,0.95,contrast_id,task_family
das_001_outcome_history_dual_history_L28_r2,persistence_output,intercept,-0.07497278847113271,-0.27534737631261114,0.12449407396246565,2000,2000,0.95,contrast_id,task_family
das_001_outcome_history_dual_history_L28_r2,persistence_output,rmse,0.84627172378091,0.797579921320522,0.8936308894328879,2000,2000,0.95,contrast_id,task_family
das_001_outcome_history_dual_history_L28_r2,persistence_output,sign_accuracy,0.9583333333333334,0.88,1.0,2000,2000,0.95,contrast_id,task_family
das_001_outcome_history_dual_history_L28_r2,persistence_state,global_cfr,0.2638024359691217,0.2094084865561996,0.31926856054534214,2000,2000,0.95,contrast_id,task_family
das_001_outcome_history_dual_history_L28_r2,persistence_state,correlation,0.18168461243750408,-0.04107056536037345,0.38570722944168884,2000,2000,0.95,contrast_id,task_family
das_001_outcome_history_dual_history_L28_r2,persistence_state,slope,0.1805249198101028,-0.040498677262018015,0.3808936656162078,2000,2000,0.95,contrast_id,task_family
das_001_outcome_history_dual_history_L28_r2,persistence_state,intercept,-0.008976895120034143,-0.28499235058057115,0.29488851174456915,2000,2000,0.95,contrast_id,task_family
das_001_outcome_history_dual_history_L28_r2,persistence_state,rmse,1.011536555967965,0.97247961708425,1.0595143447587814,2000,2000,0.95,contrast_id,task_family
das_001_outcome_history_dual_history_L28_r2,persistence_state,sign_accuracy,0.5833333333333334,0.4782608695652174,0.6818181818181818,2000,2000,0.95,contrast_id,task_family
das_001_outcome_history_dual_history_L28_r2,response_mapping,global_cfr,0.673445987483529,0.5877720799692376,0.7626727277436615,2000,2000,0.95,contrast_id,task_family
das_001_outcome_history_dual_history_L28_r2,response_mapping,correlation,0.6829894096148915,0.47174435653941205,0.8701356169354729,2000,2000,0.95,contrast_id,task_family
das_001_outcome_history_dual_history_L28_r2,response_mapping,slope,0.701673359790081,0.38386350379997997,1.026663110693816,2000,2000,0.95,contrast_id,task_family
das_001_outcome_history_dual_history_L28_r2,response_mapping,intercept,-0.2937476601781793,-0.6842372288009905,0.10189742262270754,2000,2000,0.95,contrast_id,task_family
das_001_outcome_history_dual_history_L28_r2,response_mapping,rmse,0.6736928010356943,0.5757218522018669,0.7608714529561984,2000,2000,0.95,contrast_id,task_family
das_001_outcome_history_dual_history_L28_r2,response_mapping,sign_accuracy,0.9583333333333334,0.8636363636363636,1.0,2000,2000,0.95,contrast_id,task_family
das_001_outcome_history_dual_history_L28_r2,task_id,global_cfr,-0.004620734628374201,-0.058891421319176636,0.05937261176939094,2000,2000,0.95,contrast_id,task_family
das_001_outcome_history_dual_history_L28_r2,task_id,correlation,0.0019792740913758987,-0.44390657543559925,0.5148444833438047,2000,2000,0.95,contrast_id,task_family
das_001_outcome_history_dual_history_L28_r2,task_id,slope,0.0005778407647677207,-0.1263527540332374,0.13641832075371055,2000,2000,0.95,contrast_id,task_family
das_001_outcome_history_dual_history_L28_r2,task_id,intercept,-0.0006622439389204727,-0.13555011725325575,0.13874572947555877,2000,2000,0.95,contrast_id,task_family
das_001_outcome_history_dual_history_L28_r2,task_id,rmse,1.181640759329617,1.1393794558509294,1.2237966752831133,2000,2000,0.95,contrast_id,task_family
das_001_outcome_history_dual_history_L28_r2,task_id,sign_accuracy,0.20833333333333334,0.07692307692307693,0.38095238095238093,2000,2000,0.95,contrast_id,task_family
das_001_outcome_history_dual_history_L28_r2,shuffled_source,global_cfr,0.6032220811146758,0.16266869389535296,0.9431280878064895,2000,2000,0.95,contrast_id,task_family
das_001_outcome_history_dual_history_L28_r2,shuffled_source,correlation,0.5763646796151602,0.4126360911287134,0.7506847910088125,2000,2000,0.95,contrast_id,task_family
das_001_outcome_history_dual_history_L28_r2,shuffled_source,slope,1.7575337666696351,0.6137401869180995,2.9221935281198794,2000,2000,0.95,contrast_id,task_family
das_001_outcome_history_dual_history_L28_r2,shuffled_source,intercept,-1.050708894026992,-2.649020532688435,0.510966765660241,2000,2000,0.95,contrast_id,task_family
das_001_outcome_history_dual_history_L28_r2,shuffled_source,rmse,0.7426054666422712,0.2837763723373597,1.0620512900031276,2000,2000,0.95,contrast_id,task_family
das_001_outcome_history_dual_history_L28_r2,shuffled_source,sign_accuracy,0.875,0.72,1.0,2000,2000,0.95,contrast_id,task_family
das_001_outcome_history_dual_history_L28_r2,shuffled_target,global_cfr,0.9682648384627147,0.9425071204190578,0.9866420147130144,2000,2000,0.95,contrast_id,task_family
das_001_outcome_history_dual_history_L28_r2,shuffled_target,correlation,0.8564300106887595,0.791934643691814,0.9368790962805822,2000,2000,0.95,contrast_id,task_family
das_001_outcome_history_dual_history_L28_r2,shuffled_target,slope,1.177073245421322,0.7735639546206697,1.5480700275911974,2000,2000,0.95,contrast_id,task_family
das_001_outcome_history_dual_history_L28_r2,shuffled_target,intercept,-0.1458792066503674,-0.5435824494929243,0.2956490746452272,2000,2000,0.95,contrast_id,task_family
das_001_outcome_history_dual_history_L28_r2,shuffled_target,rmse,0.2100171453123101,0.1372021620593743,0.2819150688270903,2000,2000,0.95,contrast_id,task_family
das_001_outcome_history_dual_history_L28_r2,shuffled_target,sign_accuracy,1.0,1.0,1.0,2000,2000,0.95,contrast_id,task_family
das_001_outcome_history_dual_history_L28_r2,unrelated_DAS:das_000_contextual_outcome_history_latent_context_L30_r8,global_cfr,0.2500883088866186,-0.06954781759938654,0.5324824230764651,2000,2000,0.95,contrast_id,task_family
das_001_outcome_history_dual_history_L28_r2,unrelated_DAS:das_000_contextual_outcome_history_latent_context_L30_r8,correlation,0.7208532307254982,0.5603221364257398,0.8546010982989489,2000,2000,0.95,contrast_id,task_family
das_001_outcome_history_dual_history_L28_r2,unrelated_DAS:das_000_contextual_outcome_history_latent_context_L30_r8,slope,2.241029815187963,1.4013580748772214,3.055097022863316,2000,2000,0.95,contrast_id,task_family
das_001_outcome_history_dual_history_L28_r2,unrelated_DAS:das_000_contextual_outcome_history_latent_context_L30_r8,intercept,-0.6673275148411043,-1.6423489342798152,0.31925883011415823,2000,2000,0.95,contrast_id,task_family
das_001_outcome_history_dual_history_L28_r2,unrelated_DAS:das_000_contextual_outcome_history_latent_context_L30_r8,rmse,1.020914698301779,0.804931796559075,1.2172363780396878,2000,2000,0.95,contrast_id,task_family
das_001_outcome_history_dual_history_L28_r2,unrelated_DAS:das_000_contextual_outcome_history_latent_context_L30_r8,sign_accuracy,1.0,1.0,1.0,2000,2000,0.95,contrast_id,task_family
das_001_outcome_history_dual_history_L28_r2,unrelated_DAS:das_002_outcome_history_outcome_history_L30_r2,global_cfr,0.9674732408088149,0.9369539287192439,0.9869261969056985,2000,2000,0.95,contrast_id,task_family
das_001_outcome_history_dual_history_L28_r2,unrelated_DAS:das_002_outcome_history_outcome_history_L30_r2,correlation,0.8755067151467326,0.8281099577277934,0.9399442385874606,2000,2000,0.95,contrast_id,task_family
das_001_outcome_history_dual_history_L28_r2,unrelated_DAS:das_002_outcome_history_outcome_history_L30_r2,slope,1.2778960520540372,0.9343313120290725,1.6335414075179961,2000,2000,0.95,contrast_id,task_family
das_001_outcome_history_dual_history_L28_r2,unrelated_DAS:das_002_outcome_history_outcome_history_L30_r2,intercept,-0.28226218041847634,-0.6502107145997986,0.09195080768270772,2000,2000,0.95,contrast_id,task_family
das_001_outcome_history_dual_history_L28_r2,unrelated_DAS:das_002_outcome_history_outcome_history_L30_r2,rmse,0.2126203318031485,0.13486870612659654,0.2920250437508432,2000,2000,0.95,contrast_id,task_family
das_001_outcome_history_dual_history_L28_r2,unrelated_DAS:das_002_outcome_history_outcome_history_L30_r2,sign_accuracy,1.0,1.0,1.0,2000,2000,0.95,contrast_id,task_family
das_001_outcome_history_dual_history_L28_r2,candidate,global_cfr,0.9682648384627148,0.9424940691509646,0.986712528883866,2000,2000,0.95,contrast_id,task_family
das_001_outcome_history_dual_history_L28_r2,candidate,correlation,0.8564300106887597,0.7935329516314139,0.9320307350943706,2000,2000,0.95,contrast_id,task_family
das_001_outcome_history_dual_history_L28_r2,candidate,slope,1.1770732454213224,0.806448294501216,1.5470002325795371,2000,2000,0.95,contrast_id,task_family
das_001_outcome_history_dual_history_L28_r2,candidate,intercept,-0.14587920665036713,-0.5465873586311394,0.27470873417439595,2000,2000,0.95,contrast_id,task_family
das_001_outcome_history_dual_history_L28_r2,candidate,rmse,0.21001714531231006,0.136085363212788,0.2803121392179747,2000,2000,0.95,contrast_id,task_family
das_001_outcome_history_dual_history_L28_r2,candidate,sign_accuracy,1.0,1.0,1.0,2000,2000,0.95,contrast_id,task_family
das_002_outcome_history_outcome_history_L30_r2,generic_value,global_cfr,0.1644076816031108,0.09929562369023891,0.22734432492607418,2000,2000,0.95,contrast_id,task_family
das_002_outcome_history_outcome_history_L30_r2,generic_value,correlation,0.18885691386004608,-0.2038945533113428,0.5345105958384885,2000,2000,0.95,contrast_id,task_family
das_002_outcome_history_outcome_history_L30_r2,generic_value,slope,0.07366668461279154,-0.0804034913082429,0.22178132183054466,2000,2000,0.95,contrast_id,task_family
das_002_outcome_history_outcome_history_L30_r2,generic_value,intercept,0.019995136782535762,-0.1217981054813188,0.17357891903912886,2000,2000,0.95,contrast_id,task_family
das_002_outcome_history_outcome_history_L30_r2,generic_value,rmse,1.0737169541987461,1.0283072893508596,1.1251747581213136,2000,2000,0.95,contrast_id,task_family
das_002_outcome_history_outcome_history_L30_r2,generic_value,sign_accuracy,0.6666666666666666,0.5416666666666666,0.8,2000,2000,0.95,contrast_id,task_family
das_002_outcome_history_outcome_history_L30_r2,persistence_output,global_cfr,0.7892822925246976,0.7275844556491595,0.8518689868159363,2000,2000,0.95,contrast_id,task_family
das_002_outcome_history_outcome_history_L30_r2,persistence_output,correlation,0.7379105987934218,0.5964866448548028,0.876633003136392,2000,2000,0.95,contrast_id,task_family
das_002_outcome_history_outcome_history_L30_r2,persistence_output,slope,0.8798377455009193,0.5555454371616377,1.223732551475123,2000,2000,0.95,contrast_id,task_family
das_002_outcome_history_outcome_history_L30_r2,persistence_output,intercept,-0.3542606552428724,-0.7739463080499708,0.05238112274738988,2000,2000,0.95,contrast_id,task_family
das_002_outcome_history_outcome_history_L30_r2,persistence_output,rmse,0.5391915874813176,0.45277920259219706,0.6126028794590563,2000,2000,0.95,contrast_id,task_family
das_002_outcome_history_outcome_history_L30_r2,persistence_output,sign_accuracy,1.0,1.0,1.0,2000,2000,0.95,contrast_id,task_family
das_002_outcome_history_outcome_history_L30_r2,persistence_state,global_cfr,0.3891295593457774,0.30778329451370734,0.4654824997275803,2000,2000,0.95,contrast_id,task_family
das_002_outcome_history_outcome_history_L30_r2,persistence_state,correlation,0.2628788120191811,0.040716287043222325,0.4545239539443289,2000,2000,0.95,contrast_id,task_family
das_002_outcome_history_outcome_history_L30_r2,persistence_state,slope,0.35004869261755023,0.04943812944797529,0.6776924928481977,2000,2000,0.95,contrast_id,task_family
das_002_outcome_history_outcome_history_L30_r2,persistence_state,intercept,-0.08746552235829715,-0.47992504346575926,0.28251777897668495,2000,2000,0.95,contrast_id,task_family
das_002_outcome_history_outcome_history_L30_r2,persistence_state,rmse,0.9180517158327501,0.8556148954068772,0.9882785562282481,2000,2000,0.95,contrast_id,task_family
das_002_outcome_history_outcome_history_L30_r2,persistence_state,sign_accuracy,0.6666666666666666,0.56,0.7727272727272727,2000,2000,0.95,contrast_id,task_family
das_002_outcome_history_outcome_history_L30_r2,response_mapping,global_cfr,0.8076041844660693,0.7299633128617741,0.8858067321725738,2000,2000,0.95,contrast_id,task_family
das_002_outcome_history_outcome_history_L30_r2,response_mapping,correlation,0.7342830121331817,0.5639736250216703,0.9004675931817803,2000,2000,0.95,contrast_id,task_family
das_002_outcome_history_outcome_history_L30_r2,response_mapping,slope,0.9582118503116546,0.6034389256604201,1.356700218580285,2000,2000,0.95,contrast_id,task_family
das_002_outcome_history_outcome_history_L30_r2,response_mapping,intercept,-0.4073525485811128,-0.9006385406248133,0.010273651162214644,2000,2000,0.95,contrast_id,task_family
das_002_outcome_history_outcome_history_L30_r2,response_mapping,rmse,0.5152172585685377,0.3970594032487101,0.6108678926832494,2000,2000,0.95,contrast_id,task_family
das_002_outcome_history_outcome_history_L30_r2,response_mapping,sign_accuracy,1.0,1.0,1.0,2000,2000,0.95,contrast_id,task_family
das_002_outcome_history_outcome_history_L30_r2,task_id,global_cfr,-0.004392158970336402,-0.03394707618683657,0.025592609436001876,2000,2000,0.95,contrast_id,task_family
das_002_outcome_history_outcome_history_L30_r2,task_id,correlation,-0.0632632725020193,-0.41737067653041643,0.2218665632983314,1996,2000,0.95,contrast_id,task_family
das_002_outcome_history_outcome_history_L30_r2,task_id,slope,-0.014518590981238347,-0.09096404737759639,0.049004435189416766,2000,2000,0.95,contrast_id,task_family
das_002_outcome_history_outcome_history_L30_r2,task_id,intercept,0.016588937334103677,-0.0615806853366994,0.10850859869147798,2000,2000,0.95,contrast_id,task_family
das_002_outcome_history_outcome_history_L30_r2,task_id,rmse,1.177183722173482,1.1491432640338382,1.2081578120451135,2000,2000,0.95,contrast_id,task_family
das_002_outcome_history_outcome_history_L30_r2,task_id,sign_accuracy,0.125,0.0,0.2608695652173913,2000,2000,0.95,contrast_id,task_family
das_002_outcome_history_outcome_history_L30_r2,shuffled_source,global_cfr,0.5315829389065676,0.092087013128921,0.918554354943759,2000,2000,0.95,contrast_id,task_family
das_002_outcome_history_outcome_history_L30_r2,shuffled_source,correlation,0.6028768944189625,0.40819980392238653,0.787478171953633,2000,2000,0.95,contrast_id,task_family
das_002_outcome_history_outcome_history_L30_r2,shuffled_source,slope,1.943987033879263,0.943907760181651,3.0063471929740926,2000,2000,0.95,contrast_id,task_family
das_002_outcome_history_outcome_history_L30_r2,shuffled_source,intercept,-1.3774489527776166,-2.775991702664656,-0.06928953263796885,2000,2000,0.95,contrast_id,task_family
das_002_outcome_history_outcome_history_L30_r2,shuffled_source,rmse,0.8039128003541293,0.33584315117647,1.109180959975862,2000,2000,0.95,contrast_id,task_family
das_002_outcome_history_outcome_history_L30_r2,shuffled_source,sign_accuracy,0.8333333333333334,0.6666666666666666,1.0,2000,2000,0.95,contrast_id,task_family
das_002_outcome_history_outcome_history_L30_r2,shuffled_target,global_cfr,0.9667386365148123,0.9348422383661981,0.9873404165428427,2000,2000,0.95,contrast_id,task_family
das_002_outcome_history_outcome_history_L30_r2,shuffled_target,correlation,0.8764929935909965,0.8227293228533211,0.9420619575896005,2000,2000,0.95,contrast_id,task_family
das_002_outcome_history_outcome_history_L30_r2,shuffled_target,slope,1.2983131345595669,0.935105943135321,1.6656328824067934,2000,2000,0.95,contrast_id,task_family
das_002_outcome_history_outcome_history_L30_r2,shuffled_target,intercept,-0.3011604987042274,-0.6847313428111766,0.10367549389426137,2000,2000,0.95,contrast_id,task_family
das_002_outcome_history_outcome_history_L30_r2,shuffled_target,rmse,0.21422128273086624,0.13168032929503132,0.29799064574013645,2000,2000,0.95,contrast_id,task_family
das_002_outcome_history_outcome_history_L30_r2,shuffled_target,sign_accuracy,1.0,1.0,1.0,2000,2000,0.95,contrast_id,task_family
das_002_outcome_history_outcome_history_L30_r2,unrelated_DAS:das_000_contextual_outcome_history_latent_context_L30_r8,global_cfr,0.2391085368370499,-0.0713491896097006,0.5361154745053314,2000,2000,0.95,contrast_id,task_family
das_002_outcome_history_outcome_history_L30_r2,unrelated_DAS:das_000_contextual_outcome_history_latent_context_L30_r8,correlation,0.7219172016934652,0.5724034678245389,0.8624311673571335,2000,2000,0.95,contrast_id,task_family
das_002_outcome_history_outcome_history_L30_r2,unrelated_DAS:das_000_contextual_outcome_history_latent_context_L30_r8,slope,2.2776297689034375,1.457262114952777,3.174707784316384,2000,2000,0.95,contrast_id,task_family
das_002_outcome_history_outcome_history_L30_r2,unrelated_DAS:das_000_contextual_outcome_history_latent_context_L30_r8,intercept,-0.7013773666578362,-1.7348720651700786,0.2906595307851675,2000,2000,0.95,contrast_id,task_family
das_002_outcome_history_outcome_history_L30_r2,unrelated_DAS:das_000_contextual_outcome_history_latent_context_L30_r8,rmse,1.0245990458473264,0.8028144781504953,1.218898779409774,2000,2000,0.95,contrast_id,task_family
das_002_outcome_history_outcome_history_L30_r2,unrelated_DAS:das_000_contextual_outcome_history_latent_context_L30_r8,sign_accuracy,1.0,1.0,1.0,2000,2000,0.95,contrast_id,task_family
das_002_outcome_history_outcome_history_L30_r2,unrelated_DAS:das_001_outcome_history_dual_history_L28_r2,global_cfr,0.9675530988747773,0.9410965488928936,0.9867720872943218,2000,2000,0.95,contrast_id,task_family
das_002_outcome_history_outcome_history_L30_r2,unrelated_DAS:das_001_outcome_history_dual_history_L28_r2,correlation,0.8572010746167292,0.7981161269144607,0.9338451878711024,2000,2000,0.95,contrast_id,task_family
das_002_outcome_history_outcome_history_L30_r2,unrelated_DAS:das_001_outcome_history_dual_history_L28_r2,slope,1.1956092679842996,0.8203576272796104,1.5788790145131635,2000,2000,0.95,contrast_id,task_family
das_002_outcome_history_outcome_history_L30_r2,unrelated_DAS:das_001_outcome_history_dual_history_L28_r2,intercept,-0.16297776081855672,-0.5748387389646537,0.2501366860639501,2000,2000,0.95,contrast_id,task_family
das_002_outcome_history_outcome_history_L30_r2,unrelated_DAS:das_001_outcome_history_dual_history_L28_r2,rmse,0.2115822367675721,0.13531489916889103,0.28362217906047865,2000,2000,0.95,contrast_id,task_family
das_002_outcome_history_outcome_history_L30_r2,unrelated_DAS:das_001_outcome_history_dual_history_L28_r2,sign_accuracy,1.0,1.0,1.0,2000,2000,0.95,contrast_id,task_family
das_002_outcome_history_outcome_history_L30_r2,candidate,global_cfr,0.9667386365148124,0.9337887249186148,0.9869941443407934,2000,2000,0.95,contrast_id,task_family
das_002_outcome_history_outcome_history_L30_r2,candidate,correlation,0.8764929935909971,0.8246162328658593,0.943619628257561,2000,2000,0.95,contrast_id,task_family
das_002_outcome_history_outcome_history_L30_r2,candidate,slope,1.2983131345595678,0.9326664301831202,1.678252034426484,2000,2000,0.95,contrast_id,task_family
das_002_outcome_history_outcome_history_L30_r2,candidate,intercept,-0.30116049870422834,-0.7062420272974438,0.10019475106131227,2000,2000,0.95,contrast_id,task_family
das_002_outcome_history_outcome_history_L30_r2,candidate,rmse,0.21422128273086596,0.134114876262046,0.3007768117133282,2000,2000,0.95,contrast_id,task_family
das_002_outcome_history_outcome_history_L30_r2,candidate,sign_accuracy,1.0,1.0,1.0,2000,2000,0.95,contrast_id,task_family
