artifact_id,subspace_target,subspace_theory,target_variable,scoring_theory,pair_split,global_cfr,correlation,slope,intercept,rmse,sign_accuracy,examples,thresholded_cfr_threshold,thresholded_cfr_retained,thresholded_cfr_fraction_retained,thresholded_cfr_median,thresholded_cfr_q25,thresholded_cfr_q75,row_set_sha256
das_000_contextual_outcome_history_latent_context_L30_r8,contextual_outcome_history,latent_context,action_history,dual_history,mech_pair_test,-21.396619688780735,0.609684839177869,2.119770138645529,0.938291213161909,1.09214911825784,0.8333333333333334,24,0.1,12,0.5,-2.326039595448126,-130.3087812230727,5.130629843197454e-08,f75f2d363917a0b6c9c19af9c4cc4b43d23cc7d32a88856a0975e4c07989fc78
das_000_contextual_outcome_history_latent_context_L30_r8,contextual_outcome_history,latent_context,action_history,dual_history,mech_task_holdout,-23.578943963159723,-0.8742798858284764,-2.8518993064248286,0.8442216557048572,0.9778937990700467,0.5555555555555556,18,0.1,12,0.6666666666666666,-26.418938983339554,-80.66203979993567,0.6651408865320623,ca2fa703aadb36dfd01ddb87ac60fdbc20224d742b0c0671a8a81a792a2e6354
das_000_contextual_outcome_history_latent_context_L30_r8,contextual_outcome_history,latent_context,action_history,latent_context,mech_pair_test,,,0.0,0.8072916666666669,1.1177427961446824,0.08333333333333333,24,0.1,0,0.0,,,,f75f2d363917a0b6c9c19af9c4cc4b43d23cc7d32a88856a0975e4c07989fc78
das_000_contextual_outcome_history_latent_context_L30_r8,contextual_outcome_history,latent_context,action_history,latent_context,mech_task_holdout,,,0.0,0.6597222222222221,0.8970437559004577,0.05555555555555555,18,0.1,0,0.0,,,,ca2fa703aadb36dfd01ddb87ac60fdbc20224d742b0c0671a8a81a792a2e6354
das_000_contextual_outcome_history_latent_context_L30_r8,contextual_outcome_history,latent_context,action_history,outcome_history,mech_pair_test,,,0.0,0.8072916666666669,1.1177427961446824,0.08333333333333333,24,0.1,0,0.0,,,,f75f2d363917a0b6c9c19af9c4cc4b43d23cc7d32a88856a0975e4c07989fc78
das_000_contextual_outcome_history_latent_context_L30_r8,contextual_outcome_history,latent_context,action_history,outcome_history,mech_task_holdout,,,0.0,0.6597222222222221,0.8970437559004577,0.05555555555555555,18,0.1,0,0.0,,,,ca2fa703aadb36dfd01ddb87ac60fdbc20224d742b0c0671a8a81a792a2e6354
das_000_contextual_outcome_history_latent_context_L30_r8,contextual_outcome_history,latent_context,contextual_outcome_history,dual_history,mech_pair_test,,,0.0,0.9374999999999999,0.9587861249169876,0.0,18,0.1,0,0.0,,,,52084ab2af7ee287ac4f291178d4ed78ace1e52256fe1681398d918762e80e52
das_000_contextual_outcome_history_latent_context_L30_r8,contextual_outcome_history,latent_context,contextual_outcome_history,dual_history,mech_task_holdout,0.7750681230234024,0.7820893262413492,0.9621136397240684,-0.08922203510321057,0.3320693975464967,0.7777777777777778,18,0.1,12,0.6666666666666666,0.917423497190002,0.7711127797093491,0.9798517895905563,5d1e8a6aa7071284bd3588050ec5c960c35766543da57144d025192b9339b3c6
das_000_contextual_outcome_history_latent_context_L30_r8,contextual_outcome_history,latent_context,contextual_outcome_history,latent_context,mech_pair_test,0.9301290076517662,0.30208446578576115,0.25891791816049325,0.6618137761526273,0.2881896354464604,1.0,18,0.1,18,1.0,0.9364297157509038,0.904488418564695,0.9780929986349491,52084ab2af7ee287ac4f291178d4ed78ace1e52256fe1681398d918762e80e52
das_000_contextual_outcome_history_latent_context_L30_r8,contextual_outcome_history,latent_context,contextual_outcome_history,latent_context,mech_task_holdout,0.6725030824784228,0.7877577599667992,1.5015828350571907,-0.7659729941761436,0.4903116301858692,0.7777777777777778,18,0.1,18,1.0,0.7552780749679948,0.3112811014493742,0.9481914423938705,5d1e8a6aa7071284bd3588050ec5c960c35766543da57144d025192b9339b3c6
das_000_contextual_outcome_history_latent_context_L30_r8,contextual_outcome_history,latent_context,contextual_outcome_history,outcome_history,mech_pair_test,,,0.0,0.9374999999999999,0.9587861249169876,0.0,18,0.1,0,0.0,,,,52084ab2af7ee287ac4f291178d4ed78ace1e52256fe1681398d918762e80e52
das_000_contextual_outcome_history_latent_context_L30_r8,contextual_outcome_history,latent_context,contextual_outcome_history,outcome_history,mech_task_holdout,0.7783747142243795,0.7850047677870544,0.9630235175946914,-0.10124573303614208,0.33451435690736037,0.7777777777777778,18,0.1,12,0.6666666666666666,0.9212372675501904,0.765447710949017,0.9827998513481778,5d1e8a6aa7071284bd3588050ec5c960c35766543da57144d025192b9339b3c6
das_000_contextual_outcome_history_latent_context_L30_r8,contextual_outcome_history,latent_context,outcome_history,dual_history,mech_pair_test,0.2500883088866186,0.7208532307254982,2.241029815187963,-0.6673275148411043,1.020914698301779,1.0,24,0.1,24,1.0,0.6716863062039864,0.06955235132869947,0.8473676828045648,a01b72def64b1899c8a9acf5ff68985d66f74135093d3d341b80719e4b55042a
das_000_contextual_outcome_history_latent_context_L30_r8,contextual_outcome_history,latent_context,outcome_history,dual_history,mech_task_holdout,0.4689254268653673,0.7747887490153358,1.4340744048058507,-0.21198966525488033,0.5102477577972757,0.7222222222222222,18,0.1,12,0.6666666666666666,0.8064774349730433,0.5346397392364914,0.954705474156575,6b93e1e1c0f52e231530074aa9e596037258b9f343d6a82f8f1c60f2255b79e2
das_000_contextual_outcome_history_latent_context_L30_r8,contextual_outcome_history,latent_context,outcome_history,latent_context,mech_pair_test,0.42421875127451747,0.7809397389537122,2.125670215936792,-0.6644691010866277,0.94661818154698,1.0,24,0.1,24,1.0,0.7454811265712604,0.20325230853469428,0.8851139764022963,a01b72def64b1899c8a9acf5ff68985d66f74135093d3d341b80719e4b55042a
das_000_contextual_outcome_history_latent_context_L30_r8,contextual_outcome_history,latent_context,outcome_history,latent_context,mech_task_holdout,0.412263136349622,0.6759950114333979,1.1599809289179872,-0.07425329727612483,0.5610596230976341,0.6666666666666666,18,0.1,13,0.7222222222222222,0.83397093448904,0.04915822676079673,0.9185995354920569,6b93e1e1c0f52e231530074aa9e596037258b9f343d6a82f8f1c60f2255b79e2
das_000_contextual_outcome_history_latent_context_L30_r8,contextual_outcome_history,latent_context,outcome_history,outcome_history,mech_pair_test,0.2391085368370499,0.7219172016934652,2.2776297689034375,-0.7013773666578362,1.0245990458473264,1.0,24,0.1,24,1.0,0.6671944322611192,0.050674835245496125,0.8475284764316555,a01b72def64b1899c8a9acf5ff68985d66f74135093d3d341b80719e4b55042a
das_000_contextual_outcome_history_latent_context_L30_r8,contextual_outcome_history,latent_context,outcome_history,outcome_history,mech_task_holdout,0.4867085380587499,0.7749412340814515,1.4303810069155127,-0.22697738514379412,0.509081280328647,0.7222222222222222,18,0.1,12,0.6666666666666666,0.8135584081080454,0.5681901082687811,0.949415520331765,6b93e1e1c0f52e231530074aa9e596037258b9f343d6a82f8f1c60f2255b79e2
das_000_contextual_outcome_history_latent_context_L30_r8__persistence_state,persistence_state,direct_persistence_control,action_history,dual_history,mech_pair_test,0.037058532071824524,0.2115569266149433,0.05946682672128108,0.0036749868252114472,0.2264595534024333,0.16666666666666666,24,0.1,12,0.5,3.5621660515738895e-07,5.130629843197454e-08,0.1215270677669823,f75f2d363917a0b6c9c19af9c4cc4b43d23cc7d32a88856a0975e4c07989fc78
das_000_contextual_outcome_history_latent_context_L30_r8__persistence_state,persistence_state,direct_persistence_control,action_history,dual_history,mech_task_holdout,-0.20946994619891113,-0.3420247763622661,-0.09279754179612162,0.012947845003291233,0.21692400949914176,0.05555555555555555,18,0.1,12,0.6666666666666666,1.1361204199644703e-07,1.1361204199644703e-07,3.9282544805896435e-07,ca2fa703aadb36dfd01ddb87ac60fdbc20224d742b0c0671a8a81a792a2e6354
das_000_contextual_outcome_history_latent_context_L30_r8__persistence_state,persistence_state,direct_persistence_control,action_history,latent_context,mech_pair_test,,,0.0,-8.527581831597957e-19,0.0625,0.75,24,0.1,0,0.0,,,,f75f2d363917a0b6c9c19af9c4cc4b43d23cc7d32a88856a0975e4c07989fc78
das_000_contextual_outcome_history_latent_context_L30_r8__persistence_state,persistence_state,direct_persistence_control,action_history,latent_context,mech_task_holdout,,,0.0,0.006944444444444442,0.05103103630798288,0.8333333333333334,18,0.1,0,0.0,,,,ca2fa703aadb36dfd01ddb87ac60fdbc20224d742b0c0671a8a81a792a2e6354
das_000_contextual_outcome_history_latent_context_L30_r8__persistence_state,persistence_state,direct_persistence_control,action_history,outcome_history,mech_pair_test,,,0.0,-8.527581831597957e-19,0.0625,0.75,24,0.1,0,0.0,,,,f75f2d363917a0b6c9c19af9c4cc4b43d23cc7d32a88856a0975e4c07989fc78
das_000_contextual_outcome_history_latent_context_L30_r8__persistence_state,persistence_state,direct_persistence_control,action_history,outcome_history,mech_task_holdout,,,0.0,0.006944444444444442,0.05103103630798288,0.8333333333333334,18,0.1,0,0.0,,,,ca2fa703aadb36dfd01ddb87ac60fdbc20224d742b0c0671a8a81a792a2e6354
das_000_contextual_outcome_history_latent_context_L30_r8__persistence_state,persistence_state,direct_persistence_control,contextual_outcome_history,dual_history,mech_pair_test,,,0.0,0.0,0.05892556509887896,0.7777777777777778,18,0.1,0,0.0,,,,52084ab2af7ee287ac4f291178d4ed78ace1e52256fe1681398d918762e80e52
das_000_contextual_outcome_history_latent_context_L30_r8__persistence_state,persistence_state,direct_persistence_control,contextual_outcome_history,dual_history,mech_task_holdout,0.07308582124084217,0.1733776573318733,0.02831534160732537,0.011663031383939914,0.6740981159945207,0.2777777777777778,18,0.1,12,0.6666666666666666,1.963852125363985e-08,1.0402221195526806e-08,0.2387247376910152,5d1e8a6aa7071284bd3588050ec5c960c35766543da57144d025192b9339b3c6
das_000_contextual_outcome_history_latent_context_L30_r8__persistence_state,persistence_state,direct_persistence_control,contextual_outcome_history,latent_context,mech_pair_test,-0.009247041815868107,-0.27219749805114685,-0.06842603286935522,0.07285750923933978,1.0952887943026728,0.1111111111111111,18,0.1,18,1.0,1.1698410906646473e-08,5.13954068193101e-09,1.3090777878366211e-08,52084ab2af7ee287ac4f291178d4ed78ace1e52256fe1681398d918762e80e52
das_000_contextual_outcome_history_latent_context_L30_r8__persistence_state,persistence_state,direct_persistence_control,contextual_outcome_history,latent_context,mech_task_holdout,0.06322306848994641,0.18028016929733764,0.045620834436168475,-0.009418888941135533,0.8292522914363593,0.2777777777777778,18,0.1,18,1.0,4.7533242897301875e-08,1.2307144525713909e-08,0.16272237708560994,5d1e8a6aa7071284bd3588050ec5c960c35766543da57144d025192b9339b3c6
das_000_contextual_outcome_history_latent_context_L30_r8__persistence_state,persistence_state,direct_persistence_control,contextual_outcome_history,outcome_history,mech_pair_test,,,0.0,0.0,0.05892556509887896,0.7777777777777778,18,0.1,0,0.0,,,,52084ab2af7ee287ac4f291178d4ed78ace1e52256fe1681398d918762e80e52
das_000_contextual_outcome_history_latent_context_L30_r8__persistence_state,persistence_state,direct_persistence_control,contextual_outcome_history,outcome_history,mech_task_holdout,0.07270804740134829,0.17688945512826587,0.028808802406297775,0.011037996807523645,0.6842477105231648,0.2777777777777778,18,0.1,12,0.6666666666666666,1.9274847495864833e-08,1.0047554455105967e-08,0.23489443013721945,5d1e8a6aa7071284bd3588050ec5c960c35766543da57144d025192b9339b3c6
das_000_contextual_outcome_history_latent_context_L30_r8__persistence_state,persistence_state,direct_persistence_control,outcome_history,dual_history,mech_pair_test,0.001109881714550176,-0.011549396604888783,-0.004123852616262158,0.009934542639834494,1.178265747301276,0.2916666666666667,24,0.1,24,1.0,1.2672469518193452e-08,4.352686655550997e-09,0.1581361660496773,a01b72def64b1899c8a9acf5ff68985d66f74135093d3d341b80719e4b55042a
das_000_contextual_outcome_history_latent_context_L30_r8__persistence_state,persistence_state,direct_persistence_control,outcome_history,dual_history,mech_task_holdout,-0.05953401782852619,-0.14757012412395054,-0.03526682128020405,0.013126508218908378,0.7207104232191351,0.2222222222222222,18,0.1,12,0.6666666666666666,1.502037122458333e-08,-0.27123165790027454,0.05968119915164474,6b93e1e1c0f52e231530074aa9e596037258b9f343d6a82f8f1c60f2255b79e2
das_000_contextual_outcome_history_latent_context_L30_r8__persistence_state,persistence_state,direct_persistence_control,outcome_history,latent_context,mech_pair_test,0.0027394826444291365,0.02338620437494712,0.007311073671222856,-0.0036155369390803585,1.2458059352564907,0.2916666666666667,24,0.1,24,1.0,1.1530308929863509e-08,4.300606204488133e-09,0.13869740412874723,a01b72def64b1899c8a9acf5ff68985d66f74135093d3d341b80719e4b55042a
das_000_contextual_outcome_history_latent_context_L30_r8__persistence_state,persistence_state,direct_persistence_control,outcome_history,latent_context,mech_task_holdout,-0.04496029405075186,-0.07473002530444388,-0.016557012730280193,0.0027389974979628658,0.7481134182937271,0.2222222222222222,18,0.1,13,0.7222222222222222,1.6352143750175685e-08,-0.24346205890793193,9.556261182375181e-08,6b93e1e1c0f52e231530074aa9e596037258b9f343d6a82f8f1c60f2255b79e2
das_000_contextual_outcome_history_latent_context_L30_r8__persistence_state,persistence_state,direct_persistence_control,outcome_history,outcome_history,mech_pair_test,0.0010423837296092975,-0.012991047514939923,-0.004707420197944216,0.010587030120776672,1.1739946627807005,0.2916666666666667,24,0.1,24,1.0,1.2626712120322736e-08,4.3960713957957864e-09,0.15888833348104758,a01b72def64b1899c8a9acf5ff68985d66f74135093d3d341b80719e4b55042a
das_000_contextual_outcome_history_latent_context_L30_r8__persistence_state,persistence_state,direct_persistence_control,outcome_history,outcome_history,mech_task_holdout,-0.057843374348520715,-0.14532593021037002,-0.03463423278160708,0.013180289054028155,0.7308290343579779,0.2222222222222222,18,0.1,12,0.6666666666666666,1.46612009754854e-08,-0.2662930175757153,0.05872362199044048,6b93e1e1c0f52e231530074aa9e596037258b9f343d6a82f8f1c60f2255b79e2
das_001_outcome_history_dual_history_L28_r2,outcome_history,dual_history,action_history,dual_history,mech_pair_test,-7.589523897985368,0.6552392215896607,1.4226998603207264,0.5879213425564842,0.6763558456663569,0.8333333333333334,24,0.1,12,0.5,-4.521821041112725,-58.13147983067434,5.130629843197454e-08,f75f2d363917a0b6c9c19af9c4cc4b43d23cc7d32a88856a0975e4c07989fc78
das_001_outcome_history_dual_history_L28_r2,outcome_history,dual_history,action_history,dual_history,mech_task_holdout,-9.838611869510503,-0.8815320251268431,-1.8125975471336477,0.5200411116636464,0.6493770183544453,0.4444444444444444,18,0.1,12,0.6666666666666666,-12.099697001177077,-36.577773049807156,0.16628530684204706,ca2fa703aadb36dfd01ddb87ac60fdbc20224d742b0c0671a8a81a792a2e6354
das_001_outcome_history_dual_history_L28_r2,outcome_history,dual_history,action_history,latent_context,mech_pair_test,,,0.0,0.5000000000000001,0.6950344715671782,0.08333333333333333,24,0.1,0,0.0,,,,f75f2d363917a0b6c9c19af9c4cc4b43d23cc7d32a88856a0975e4c07989fc78
das_001_outcome_history_dual_history_L28_r2,outcome_history,dual_history,action_history,latent_context,mech_task_holdout,,,0.0,0.4027777777777777,0.5559026693385972,0.16666666666666666,18,0.1,0,0.0,,,,ca2fa703aadb36dfd01ddb87ac60fdbc20224d742b0c0671a8a81a792a2e6354
das_001_outcome_history_dual_history_L28_r2,outcome_history,dual_history,action_history,outcome_history,mech_pair_test,,,0.0,0.5000000000000001,0.6950344715671782,0.08333333333333333,24,0.1,0,0.0,,,,f75f2d363917a0b6c9c19af9c4cc4b43d23cc7d32a88856a0975e4c07989fc78
das_001_outcome_history_dual_history_L28_r2,outcome_history,dual_history,action_history,outcome_history,mech_task_holdout,,,0.0,0.4027777777777777,0.5559026693385972,0.16666666666666666,18,0.1,0,0.0,,,,ca2fa703aadb36dfd01ddb87ac60fdbc20224d742b0c0671a8a81a792a2e6354
das_001_outcome_history_dual_history_L28_r2,outcome_history,dual_history,contextual_outcome_history,dual_history,mech_pair_test,,,0.0,0.39583333333333326,0.41562369465125004,0.0,18,0.1,0,0.0,,,,52084ab2af7ee287ac4f291178d4ed78ace1e52256fe1681398d918762e80e52
das_001_outcome_history_dual_history_L28_r2,outcome_history,dual_history,contextual_outcome_history,dual_history,mech_task_holdout,0.8501491177965883,0.7916686714371571,0.7379409174261523,0.059191838078265585,0.2710397590927907,0.9444444444444444,18,0.1,12,0.6666666666666666,0.9104120567064291,0.8999476017071144,0.9808113446650835,5d1e8a6aa7071284bd3588050ec5c960c35766543da57144d025192b9339b3c6
das_001_outcome_history_dual_history_L28_r2,outcome_history,dual_history,contextual_outcome_history,latent_context,mech_pair_test,0.5679641918001135,0.08290476862598428,0.04482007849595012,0.34811057130559236,0.7166214011827676,1.0,18,0.1,18,1.0,0.620231291596196,0.4654046388962053,0.7618119262075587,52084ab2af7ee287ac4f291178d4ed78ace1e52256fe1681398d918762e80e52
das_001_outcome_history_dual_history_L28_r2,outcome_history,dual_history,contextual_outcome_history,latent_context,mech_task_holdout,0.7718925799293529,0.7963728761965282,1.1502207155786173,-0.45865871814584996,0.4092025136164605,0.9444444444444444,18,0.1,18,1.0,0.8016970945477511,0.5178273947897312,0.8953456988875897,5d1e8a6aa7071284bd3588050ec5c960c35766543da57144d025192b9339b3c6
das_001_outcome_history_dual_history_L28_r2,outcome_history,dual_history,contextual_outcome_history,outcome_history,mech_pair_test,,,0.0,0.39583333333333326,0.41562369465125004,0.0,18,0.1,0,0.0,,,,52084ab2af7ee287ac4f291178d4ed78ace1e52256fe1681398d918762e80e52
das_001_outcome_history_dual_history_L28_r2,outcome_history,dual_history,contextual_outcome_history,outcome_history,mech_task_holdout,0.850974693634839,0.7940952059267501,0.7381511362408697,0.05025302529588986,0.27430588125524874,0.9444444444444444,18,0.1,12,0.6666666666666666,0.9064676631683997,0.8949722561662566,0.9839974878509472,5d1e8a6aa7071284bd3588050ec5c960c35766543da57144d025192b9339b3c6
das_001_outcome_history_dual_history_L28_r2,outcome_history,dual_history,outcome_history,dual_history,mech_pair_test,0.9682648384627148,0.8564300106887597,1.1770732454213224,-0.14587920665036713,0.21001714531231006,1.0,24,0.1,24,1.0,0.9807555998595925,0.9677701915233404,0.9979409671772692,a01b72def64b1899c8a9acf5ff68985d66f74135093d3d341b80719e4b55042a
das_001_outcome_history_dual_history_L28_r2,outcome_history,dual_history,outcome_history,dual_history,mech_task_holdout,0.8728057199204062,0.8414109201074753,0.8446616750892032,-0.0084892193496279,0.24971069384161768,0.7777777777777778,18,0.1,12,0.6666666666666666,0.9646666893836935,0.9104120567064289,0.9973958045152416,6b93e1e1c0f52e231530074aa9e596037258b9f343d6a82f8f1c60f2255b79e2
das_001_outcome_history_dual_history_L28_r2,outcome_history,dual_history,outcome_history,latent_context,mech_pair_test,0.9825309278236238,0.9038717008326121,1.0876670688946661,-0.10960053760188042,0.1648849445770979,1.0,24,0.1,24,1.0,0.9947747101305746,0.9680386900162978,0.9990454209009538,a01b72def64b1899c8a9acf5ff68985d66f74135093d3d341b80719e4b55042a
das_001_outcome_history_dual_history_L28_r2,outcome_history,dual_history,outcome_history,latent_context,mech_task_holdout,0.7825897302106685,0.7145590260964024,0.6650154476801816,0.08328500369620456,0.34123814903535815,0.7222222222222222,18,0.1,13,0.7222222222222222,0.9559186759518725,0.8699514201806746,0.9847966484306132,6b93e1e1c0f52e231530074aa9e596037258b9f343d6a82f8f1c60f2255b79e2
das_001_outcome_history_dual_history_L28_r2,outcome_history,dual_history,outcome_history,outcome_history,mech_pair_test,0.9675530988747773,0.8572010746167292,1.1956092679842996,-0.16297776081855672,0.2115822367675721,1.0,24,0.1,24,1.0,0.9811898992153507,0.9659438522524708,0.9984352429204227,a01b72def64b1899c8a9acf5ff68985d66f74135093d3d341b80719e4b55042a
das_001_outcome_history_dual_history_L28_r2,outcome_history,dual_history,outcome_history,outcome_history,mech_task_holdout,0.8711988375524424,0.8411899632246289,0.8420993130814411,-0.017092045596950198,0.2550145727703806,0.7777777777777778,18,0.1,12,0.6666666666666666,0.9604436230820601,0.906467663168399,0.9982980957732462,6b93e1e1c0f52e231530074aa9e596037258b9f343d6a82f8f1c60f2255b79e2
das_001_outcome_history_dual_history_L28_r2__persistence_state,persistence_state,direct_persistence_control,action_history,dual_history,mech_pair_test,-0.9809473191816684,0.22263618519919226,0.2207038015445619,0.12301426087315658,0.3248083346939414,0.4166666666666667,24,0.1,12,0.5,-0.03327913794945364,-1.2512668370000786,5.130629843197454e-08,f75f2d363917a0b6c9c19af9c4cc4b43d23cc7d32a88856a0975e4c07989fc78
das_001_outcome_history_dual_history_L28_r2__persistence_state,persistence_state,direct_persistence_control,action_history,dual_history,mech_task_holdout,-1.5325463566546706,-0.345440107949644,-0.3634485084722035,0.09990165589372833,0.31389817035767,0.3888888888888889,18,0.1,12,0.6666666666666666,1.1361204199644703e-07,-3.3213313917236107,0.6651408865320623,ca2fa703aadb36dfd01ddb87ac60fdbc20224d742b0c0671a8a81a792a2e6354
das_001_outcome_history_dual_history_L28_r2__persistence_state,persistence_state,direct_persistence_control,action_history,latent_context,mech_pair_test,,,0.0,0.10937500000000004,0.2460627460628691,0.3333333333333333,24,0.1,0,0.0,,,,f75f2d363917a0b6c9c19af9c4cc4b43d23cc7d32a88856a0975e4c07989fc78
das_001_outcome_history_dual_history_L28_r2__persistence_state,persistence_state,direct_persistence_control,action_history,latent_context,mech_task_holdout,,,0.0,0.07638888888888888,0.2104063528825433,0.2222222222222222,18,0.1,0,0.0,,,,ca2fa703aadb36dfd01ddb87ac60fdbc20224d742b0c0671a8a81a792a2e6354
das_001_outcome_history_dual_history_L28_r2__persistence_state,persistence_state,direct_persistence_control,action_history,outcome_history,mech_pair_test,,,0.0,0.10937500000000004,0.2460627460628691,0.3333333333333333,24,0.1,0,0.0,,,,f75f2d363917a0b6c9c19af9c4cc4b43d23cc7d32a88856a0975e4c07989fc78
das_001_outcome_history_dual_history_L28_r2__persistence_state,persistence_state,direct_persistence_control,action_history,outcome_history,mech_task_holdout,,,0.0,0.07638888888888888,0.2104063528825433,0.2222222222222222,18,0.1,0,0.0,,,,ca2fa703aadb36dfd01ddb87ac60fdbc20224d742b0c0671a8a81a792a2e6354
das_001_outcome_history_dual_history_L28_r2__persistence_state,persistence_state,direct_persistence_control,contextual_outcome_history,dual_history,mech_pair_test,,,0.0,0.04861111111111111,0.12842529172852035,0.4444444444444444,18,0.1,0,0.0,,,,52084ab2af7ee287ac4f291178d4ed78ace1e52256fe1681398d918762e80e52
das_001_outcome_history_dual_history_L28_r2__persistence_state,persistence_state,direct_persistence_control,contextual_outcome_history,dual_history,mech_task_holdout,0.21625037776771316,0.3403466810556955,0.1898261948401497,-0.017755564400403132,0.619857731953533,0.4444444444444444,18,0.1,12,0.6666666666666666,0.15982930811265228,-0.06780790667340278,0.5881234386175163,5d1e8a6aa7071284bd3588050ec5c960c35766543da57144d025192b9339b3c6
das_001_outcome_history_dual_history_L28_r2__persistence_state,persistence_state,direct_persistence_control,contextual_outcome_history,latent_context,mech_pair_test,0.0812732598824476,0.17192982712231547,0.08718786059399958,-0.04422329843172945,1.0450163381835509,0.3888888888888889,18,0.1,18,1.0,1.2683272265778811e-08,5.13954068193101e-09,0.2338437785151781,52084ab2af7ee287ac4f291178d4ed78ace1e52256fe1681398d918762e80e52
das_001_outcome_history_dual_history_L28_r2__persistence_state,persistence_state,direct_persistence_control,contextual_outcome_history,latent_context,mech_task_holdout,0.17503736637601164,0.3437979433818341,0.2971149391688987,-0.15197306015766085,0.7781901428366631,0.4444444444444444,18,0.1,18,1.0,2.992019371150789e-08,-0.2832958828566602,0.47776820616336446,5d1e8a6aa7071284bd3588050ec5c960c35766543da57144d025192b9339b3c6
das_001_outcome_history_dual_history_L28_r2__persistence_state,persistence_state,direct_persistence_control,contextual_outcome_history,outcome_history,mech_pair_test,,,0.0,0.04861111111111111,0.12842529172852035,0.4444444444444444,18,0.1,0,0.0,,,,52084ab2af7ee287ac4f291178d4ed78ace1e52256fe1681398d918762e80e52
das_001_outcome_history_dual_history_L28_r2__persistence_state,persistence_state,direct_persistence_control,contextual_outcome_history,outcome_history,mech_task_holdout,0.21523997277138907,0.3421150763241215,0.19028362706796437,-0.02028933967542522,0.6294678367478341,0.4444444444444444,18,0.1,12,0.6666666666666666,0.1584838984292828,-0.06657324685826296,0.5828980901806338,5d1e8a6aa7071284bd3588050ec5c960c35766543da57144d025192b9339b3c6
das_001_outcome_history_dual_history_L28_r2__persistence_state,persistence_state,direct_persistence_control,outcome_history,dual_history,mech_pair_test,0.2638024359691217,0.18168461243750408,0.1805249198101028,-0.008976895120034143,1.011536555967965,0.5833333333333334,24,0.1,24,1.0,0.23040317403225474,-0.0500094313815766,0.6575154869480102,a01b72def64b1899c8a9acf5ff68985d66f74135093d3d341b80719e4b55042a
das_001_outcome_history_dual_history_L28_r2__persistence_state,persistence_state,direct_persistence_control,outcome_history,dual_history,mech_task_holdout,0.16359508008094825,0.15728652775610874,0.08586631864441434,0.048354228047317746,0.6403414867110809,0.5,18,0.1,12,0.6666666666666666,0.22247126718416416,-0.29868097736618915,0.5881234386175158,6b93e1e1c0f52e231530074aa9e596037258b9f343d6a82f8f1c60f2255b79e2
das_001_outcome_history_dual_history_L28_r2__persistence_state,persistence_state,direct_persistence_control,outcome_history,latent_context,mech_pair_test,0.25304523818938596,0.17683499443827747,0.15383841836714812,0.012246229241301485,1.0781848699379866,0.5833333333333334,24,0.1,24,1.0,0.23708379854417977,-0.05074558937555715,0.6002670239698317,a01b72def64b1899c8a9acf5ff68985d66f74135093d3d341b80719e4b55042a
das_001_outcome_history_dual_history_L28_r2__persistence_state,persistence_state,direct_persistence_control,outcome_history,latent_context,mech_task_holdout,0.11970727665763448,0.04808681060413981,0.024337517159974464,0.08298831793766796,0.6866431724139499,0.4444444444444444,18,0.1,13,0.7222222222222222,1.0038851971927443e-08,-0.29657382417290346,0.634001912170586,6b93e1e1c0f52e231530074aa9e596037258b9f343d6a82f8f1c60f2255b79e2
das_001_outcome_history_dual_history_L28_r2__persistence_state,persistence_state,direct_persistence_control,outcome_history,outcome_history,mech_pair_test,0.2644154501153091,0.1813054834871401,0.18282050665269417,-0.010973984786340065,1.0074161080835315,0.5833333333333334,24,0.1,24,1.0,0.2314636364277448,-0.05032827123878622,0.6590987373108731,a01b72def64b1899c8a9acf5ff68985d66f74135093d3d341b80719e4b55042a
das_001_outcome_history_dual_history_L28_r2__persistence_state,persistence_state,direct_persistence_control,outcome_history,outcome_history,mech_task_holdout,0.16415985088939933,0.15883603069117117,0.08647188571464295,0.046976453358482946,0.6496309711831841,0.5,18,0.1,12,0.6666666666666666,0.21919512637041683,-0.29402017249620604,0.5828980901806331,6b93e1e1c0f52e231530074aa9e596037258b9f343d6a82f8f1c60f2255b79e2
das_002_outcome_history_outcome_history_L30_r2,outcome_history,outcome_history,action_history,dual_history,mech_pair_test,-8.998410147623272,0.642199947934328,1.4400549862166363,0.6410772042646088,0.7297198762689439,0.8333333333333334,24,0.1,12,0.5,-8.55738388869164,-53.732864057786294,-0.484828763112063,f75f2d363917a0b6c9c19af9c4cc4b43d23cc7d32a88856a0975e4c07989fc78
das_002_outcome_history_outcome_history_L30_r2,outcome_history,outcome_history,action_history,dual_history,mech_task_holdout,-11.901256017600259,-0.8760245025277029,-1.9471488646004609,0.591245711363588,0.7084775276483811,0.5,18,0.1,12,0.6666666666666666,-16.25898789932588,-43.73739404088844,0.16628530684204706,ca2fa703aadb36dfd01ddb87ac60fdbc20224d742b0c0671a8a81a792a2e6354
das_002_outcome_history_outcome_history_L30_r2,outcome_history,outcome_history,action_history,latent_context,mech_pair_test,,,0.0,0.5520833333333336,0.7438987946398802,0.041666666666666664,24,0.1,0,0.0,,,,f75f2d363917a0b6c9c19af9c4cc4b43d23cc7d32a88856a0975e4c07989fc78
das_002_outcome_history_outcome_history_L30_r2,outcome_history,outcome_history,action_history,latent_context,mech_task_holdout,,,0.0,0.4652777777777777,0.6229131828219189,0.1111111111111111,18,0.1,0,0.0,,,,ca2fa703aadb36dfd01ddb87ac60fdbc20224d742b0c0671a8a81a792a2e6354
das_002_outcome_history_outcome_history_L30_r2,outcome_history,outcome_history,action_history,outcome_history,mech_pair_test,,,0.0,0.5520833333333336,0.7438987946398802,0.041666666666666664,24,0.1,0,0.0,,,,f75f2d363917a0b6c9c19af9c4cc4b43d23cc7d32a88856a0975e4c07989fc78
das_002_outcome_history_outcome_history_L30_r2,outcome_history,outcome_history,action_history,outcome_history,mech_task_holdout,,,0.0,0.4652777777777777,0.6229131828219189,0.1111111111111111,18,0.1,0,0.0,,,,ca2fa703aadb36dfd01ddb87ac60fdbc20224d742b0c0671a8a81a792a2e6354
das_002_outcome_history_outcome_history_L30_r2,outcome_history,outcome_history,contextual_outcome_history,dual_history,mech_pair_test,,,0.0,0.423611111111111,0.4399731683738099,0.0,18,0.1,0,0.0,,,,52084ab2af7ee287ac4f291178d4ed78ace1e52256fe1681398d918762e80e52
das_002_outcome_history_outcome_history_L30_r2,outcome_history,outcome_history,contextual_outcome_history,dual_history,mech_task_holdout,0.8545140741116762,0.7654918948690003,0.5652879863148854,0.1991182480881323,0.26706307286595904,0.9444444444444444,18,0.1,12,0.6666666666666666,0.9447442589294566,0.910412056706429,0.9845891198379302,5d1e8a6aa7071284bd3588050ec5c960c35766543da57144d025192b9339b3c6
das_002_outcome_history_outcome_history_L30_r2,outcome_history,outcome_history,contextual_outcome_history,latent_context,mech_pair_test,0.6036906472482026,0.16279254064493734,0.08255422329597385,0.33571042720011046,0.6863522516367174,1.0,18,0.1,18,1.0,0.6175512163098098,0.5034575272995555,0.7932611335843722,52084ab2af7ee287ac4f291178d4ed78ace1e52256fe1681398d918762e80e52
das_002_outcome_history_outcome_history_L30_r2,outcome_history,outcome_history,contextual_outcome_history,latent_context,mech_task_holdout,0.8300423783176967,0.7692723133447886,0.8802293665645563,-0.19685626592450578,0.3532148133882705,0.9444444444444444,18,0.1,18,1.0,0.8016970945477511,0.7930232452675418,0.904295045257473,5d1e8a6aa7071284bd3588050ec5c960c35766543da57144d025192b9339b3c6
das_002_outcome_history_outcome_history_L30_r2,outcome_history,outcome_history,contextual_outcome_history,outcome_history,mech_pair_test,,,0.0,0.423611111111111,0.4399731683738099,0.0,18,0.1,0,0.0,,,,52084ab2af7ee287ac4f291178d4ed78ace1e52256fe1681398d918762e80e52
das_002_outcome_history_outcome_history_L30_r2,outcome_history,outcome_history,contextual_outcome_history,outcome_history,mech_task_holdout,0.8563286681260374,0.7674482872739125,0.5651618863158339,0.19243765564301182,0.2693333707826396,0.9444444444444444,18,0.1,12,0.6666666666666666,0.93838741758147,0.9064676631683997,0.9824998285826502,5d1e8a6aa7071284bd3588050ec5c960c35766543da57144d025192b9339b3c6
das_002_outcome_history_outcome_history_L30_r2,outcome_history,outcome_history,outcome_history,dual_history,mech_pair_test,0.9674732408088149,0.8755067151467326,1.2778960520540372,-0.28226218041847634,0.2126203318031485,1.0,24,0.1,24,1.0,0.9807555998595925,0.9640689113067598,0.9979409671772692,a01b72def64b1899c8a9acf5ff68985d66f74135093d3d341b80719e4b55042a
das_002_outcome_history_outcome_history_L30_r2,outcome_history,outcome_history,outcome_history,dual_history,mech_task_holdout,0.8768315456828613,0.8008215659158022,0.6075062872679687,0.2028688669330424,0.24572712320508566,0.8888888888888888,18,0.1,12,0.6666666666666666,0.9884273401360391,0.9104120567064286,0.9906694562308398,6b93e1e1c0f52e231530074aa9e596037258b9f343d6a82f8f1c60f2255b79e2
das_002_outcome_history_outcome_history_L30_r2,outcome_history,outcome_history,outcome_history,latent_context,mech_pair_test,0.9780231906472121,0.8983115454260587,1.1479966151586856,-0.20324671809918526,0.18493895672970279,1.0,24,0.1,24,1.0,0.9806596766789173,0.9538821733363642,0.9913095953686856,a01b72def64b1899c8a9acf5ff68985d66f74135093d3d341b80719e4b55042a
das_002_outcome_history_outcome_history_L30_r2,outcome_history,outcome_history,outcome_history,latent_context,mech_task_holdout,0.7964098637238494,0.6668616484652167,0.46899664666331675,0.2743163531659024,0.33021433046700477,0.8333333333333334,18,0.1,13,0.7222222222222222,0.96575031631067,0.8699514201806746,0.9723801266580172,6b93e1e1c0f52e231530074aa9e596037258b9f343d6a82f8f1c60f2255b79e2
das_002_outcome_history_outcome_history_L30_r2,outcome_history,outcome_history,outcome_history,outcome_history,mech_pair_test,0.9667386365148124,0.8764929935909971,1.2983131345595678,-0.30116049870422834,0.21422128273086596,1.0,24,0.1,24,1.0,0.9811898992153507,0.9632844089910291,0.9984352429204227,a01b72def64b1899c8a9acf5ff68985d66f74135093d3d341b80719e4b55042a
das_002_outcome_history_outcome_history_L30_r2,outcome_history,outcome_history,outcome_history,outcome_history,mech_task_holdout,0.8783020358507125,0.8005560011800481,0.6056215494727503,0.1967057473940977,0.247883011720039,0.8888888888888888,18,0.1,12,0.6666666666666666,0.9848901924695053,0.9064676631683988,0.9882421682954405,6b93e1e1c0f52e231530074aa9e596037258b9f343d6a82f8f1c60f2255b79e2
das_002_outcome_history_outcome_history_L30_r2__persistence_state,persistence_state,direct_persistence_control,action_history,dual_history,mech_pair_test,-2.0392816681293677,0.257928808536096,0.3743477067789434,0.1741759579398281,0.4023242191508357,0.4166666666666667,24,0.1,12,0.5,-1.8560953060819707,-8.247445990560001,5.130629843197454e-08,f75f2d363917a0b6c9c19af9c4cc4b43d23cc7d32a88856a0975e4c07989fc78
das_002_outcome_history_outcome_history_L30_r2__persistence_state,persistence_state,direct_persistence_control,action_history,dual_history,mech_task_holdout,-2.9125720173790093,-0.40434694711286956,-0.5892490359926809,0.1561761557730738,0.3901586633909195,0.3888888888888889,18,0.1,12,0.6666666666666666,1.1361204199644703e-07,-5.818599105231645,0.6651408865320623,ca2fa703aadb36dfd01ddb87ac60fdbc20224d742b0c0671a8a81a792a2e6354
das_002_outcome_history_outcome_history_L30_r2__persistence_state,persistence_state,direct_persistence_control,action_history,latent_context,mech_pair_test,,,0.0,0.15104166666666669,0.3563048203434806,0.375,24,0.1,0,0.0,,,,f75f2d363917a0b6c9c19af9c4cc4b43d23cc7d32a88856a0975e4c07989fc78
das_002_outcome_history_outcome_history_L30_r2__persistence_state,persistence_state,direct_persistence_control,action_history,latent_context,mech_task_holdout,,,0.0,0.11805555555555557,0.2960973000739978,0.2777777777777778,18,0.1,0,0.0,,,,ca2fa703aadb36dfd01ddb87ac60fdbc20224d742b0c0671a8a81a792a2e6354
das_002_outcome_history_outcome_history_L30_r2__persistence_state,persistence_state,direct_persistence_control,action_history,outcome_history,mech_pair_test,,,0.0,0.15104166666666669,0.3563048203434806,0.375,24,0.1,0,0.0,,,,f75f2d363917a0b6c9c19af9c4cc4b43d23cc7d32a88856a0975e4c07989fc78
das_002_outcome_history_outcome_history_L30_r2__persistence_state,persistence_state,direct_persistence_control,action_history,outcome_history,mech_task_holdout,,,0.0,0.11805555555555557,0.2960973000739978,0.2777777777777778,18,0.1,0,0.0,,,,ca2fa703aadb36dfd01ddb87ac60fdbc20224d742b0c0671a8a81a792a2e6354
das_002_outcome_history_outcome_history_L30_r2__persistence_state,persistence_state,direct_persistence_control,contextual_outcome_history,dual_history,mech_pair_test,,,0.0,0.10416666666666666,0.1692508000965825,0.4444444444444444,18,0.1,0,0.0,,,,52084ab2af7ee287ac4f291178d4ed78ace1e52256fe1681398d918762e80e52
das_002_outcome_history_outcome_history_L30_r2__persistence_state,persistence_state,direct_persistence_control,contextual_outcome_history,dual_history,mech_task_holdout,0.2908142136155407,0.3632896660357094,0.23020390814835576,0.0009314533201777648,0.5896351455637772,0.5,18,0.1,12,0.6666666666666666,0.15982930811265228,1.0402221195526806e-08,0.7598572734751858,5d1e8a6aa7071284bd3588050ec5c960c35766543da57144d025192b9339b3c6
das_002_outcome_history_outcome_history_L30_r2__persistence_state,persistence_state,direct_persistence_control,contextual_outcome_history,latent_context,mech_pair_test,0.16205642693151123,-0.008776148045674885,-0.004994455044033313,0.10948457769054383,0.9980155064596636,0.5,18,0.1,18,1.0,0.08559798061444646,1.1698410906646473e-08,0.32633082574219097,52084ab2af7ee287ac4f291178d4ed78ace1e52256fe1681398d918762e80e52
das_002_outcome_history_outcome_history_L30_r2__persistence_state,persistence_state,direct_persistence_control,contextual_outcome_history,latent_context,mech_task_holdout,0.2463548803493193,0.36664211128701807,0.35998846535208145,-0.1615699362951257,0.7437929062664292,0.5,18,0.1,18,1.0,0.12905701736318909,8.47965508921078e-09,0.6963849324260633,5d1e8a6aa7071284bd3588050ec5c960c35766543da57144d025192b9339b3c6
das_002_outcome_history_outcome_history_L30_r2__persistence_state,persistence_state,direct_persistence_control,contextual_outcome_history,outcome_history,mech_pair_test,,,0.0,0.10416666666666666,0.1692508000965825,0.4444444444444444,18,0.1,0,0.0,,,,52084ab2af7ee287ac4f291178d4ed78ace1e52256fe1681398d918762e80e52
das_002_outcome_history_outcome_history_L30_r2__persistence_state,persistence_state,direct_persistence_control,contextual_outcome_history,outcome_history,mech_task_holdout,0.28975172630167034,0.3650090382791896,0.23065233323338113,-0.002079507129495853,0.5988391716428554,0.5,18,0.1,12,0.6666666666666666,0.1584838984292828,1.0047554455105967e-08,0.7511860452045848,5d1e8a6aa7071284bd3588050ec5c960c35766543da57144d025192b9339b3c6
das_002_outcome_history_outcome_history_L30_r2__persistence_state,persistence_state,direct_persistence_control,outcome_history,dual_history,mech_pair_test,0.388367678162976,0.2626502554333524,0.3446321179819767,-0.08247132290871319,0.9219972128281974,0.6666666666666666,24,0.1,24,1.0,0.521346938768817,1.0962441565620651e-08,0.8089089032540908,a01b72def64b1899c8a9acf5ff68985d66f74135093d3d341b80719e4b55042a
das_002_outcome_history_outcome_history_L30_r2__persistence_state,persistence_state,direct_persistence_control,outcome_history,dual_history,mech_task_holdout,0.18558228348133377,0.1723195108394094,0.0918975044948547,0.05186622121563823,0.6318688659049545,0.5,18,0.1,12,0.6666666666666666,0.22247126718416416,-0.09525722613931689,0.6234244146794379,6b93e1e1c0f52e231530074aa9e596037258b9f343d6a82f8f1c60f2255b79e2
das_002_outcome_history_outcome_history_L30_r2__persistence_state,persistence_state,direct_persistence_control,outcome_history,latent_context,mech_pair_test,0.38214556961843227,0.30388784030304794,0.34911525272886,-0.1088536668801102,0.9805938510141108,0.6666666666666666,24,0.1,24,1.0,0.5062348823145382,9.381163401656067e-09,0.779078081945016,a01b72def64b1899c8a9acf5ff68985d66f74135093d3d341b80719e4b55042a
das_002_outcome_history_outcome_history_L30_r2__persistence_state,persistence_state,direct_persistence_control,outcome_history,latent_context,mech_task_holdout,0.13679180258103119,0.05005777908254601,0.02474912341395933,0.08969203264852316,0.6799474166069361,0.4444444444444444,18,0.1,13,0.7222222222222222,1.0038851971927443e-08,-0.29657382417290346,0.634001912170586,6b93e1e1c0f52e231530074aa9e596037258b9f343d6a82f8f1c60f2255b79e2
das_002_outcome_history_outcome_history_L30_r2__persistence_state,persistence_state,direct_persistence_control,outcome_history,outcome_history,mech_pair_test,0.3891295593457774,0.2628788120191811,0.35004869261755023,-0.08746552235829715,0.9180517158327501,0.6666666666666666,24,0.1,24,1.0,0.5224547467401159,1.0945955253305328e-08,0.8080186395454471,a01b72def64b1899c8a9acf5ff68985d66f74135093d3d341b80719e4b55042a
das_002_outcome_history_outcome_history_L30_r2__persistence_state,persistence_state,direct_persistence_control,outcome_history,outcome_history,mech_task_holdout,0.18569262190546576,0.17346472624952156,0.09225183759420245,0.0505623712276858,0.6412085318851217,0.5,18,0.1,12,0.6666666666666666,0.21919512637041683,-0.09430040177875346,0.6180727395528458,6b93e1e1c0f52e231530074aa9e596037258b9f343d6a82f8f1c60f2255b79e2
