layer,random_index,split,r2,pearson_r,mse
8,0,validation,0.0022933713487086616,0.08288740008379508,0.8964512961690164
8,1,validation,-0.0008237258679792969,0.01610348950250514,0.8992520451667073
8,2,validation,0.000748510302733929,0.0553507972382389,0.8978393722299495
8,3,validation,0.005233473635506081,0.10006016681093481,0.893809579225197
8,4,validation,0.002850921927307848,0.11727314135367134,0.8959503303294483
8,5,validation,0.01952030616530631,0.27363561549006854,0.8809726899315955
8,6,validation,0.0015969135754897446,0.08132905997799694,0.8970770717783988
8,7,validation,-0.00039900541321347127,0.028632357372902414,0.8988704287764275
8,8,validation,-0.0008927888269651962,0.001143758871567826,0.8993140990584249
8,9,validation,-0.0009322368490511934,0.0038211348536246062,0.8993495435763972
8,10,validation,0.0003462773370018768,0.06963790823041997,0.8982007833433344
8,11,validation,-0.00024870180674008147,0.056782911061502704,0.8987353791947441
8,12,validation,-0.0009186201783346615,-0.010224054856678561,0.8993373088354796
8,13,validation,-0.0007630368656887931,0.0220865601707983,0.8991975153748786
8,14,validation,-0.0009692145599546897,0.008876658535345168,0.8993827684903316
8,15,validation,-0.0009124798292390324,-0.008748651368966708,0.8993317916586386
8,16,validation,0.00031709472379093384,0.04644845356369367,0.8982270042690927
8,17,validation,-0.0009378608288528323,0.011842683753182428,0.8993545967892735
8,18,validation,-0.0007299864967615921,0.026306736424030485,0.8991678192245146
8,19,validation,0.0009843222605210311,0.08005117774833333,0.8976274923755516
8,20,validation,-0.0009059339258385979,0.008422963435311332,0.8993259100864215
8,21,validation,0.0020666444027981345,0.08269309581975666,0.896655013031971
8,22,validation,0.001630155404611533,0.0949209170418366,0.8970472035987681
8,23,validation,0.001069126690070643,0.08529237216700761,0.8975512945849311
8,24,validation,-0.0009505419541167015,-0.02221506021040116,0.8993659909314525
8,25,validation,-0.0003827086975465299,0.03739927036947067,0.8988557859831819
8,26,validation,-0.00044552091002603156,0.023910185573861716,0.8989122235046693
8,27,validation,-0.0009777661599803533,0.003909466309720231,0.8993904522048697
8,28,validation,0.002784196486743773,0.06752297408499906,0.896010283933006
8,29,validation,-0.0005449884298263097,0.01816744303449877,0.8990015962566297
8,30,validation,0.0023061393795782426,0.12430748072903251,0.8964398239411151
8,31,validation,-0.0009664704293199655,-0.005805478119247082,0.8993803028562528
8,32,validation,-0.0008499080944153192,0.017933931980197774,0.899275570209191
8,33,validation,-0.0009564424998407262,-0.007732890734298584,0.8993712926421062
8,34,validation,-0.0008020841759937003,0.05029579702453969,0.89923259984854
8,35,validation,-0.0011693761878608377,-0.02343950799700348,0.899562616098463
8,36,validation,-0.000583160481584466,0.0401820829574004,0.8990358943000557
8,37,validation,-0.00035374000931320815,0.031385721817448906,0.8988297572715654
8,38,validation,-0.001516221734683354,-0.017063507677369475,0.8998742609558694
8,39,validation,-0.0008955673470723013,0.007663351676452706,0.8993165955918546
8,40,validation,-0.000540118801182432,0.03021068535638555,0.8989972208372585
8,41,validation,0.003812665313536301,0.10903294454728804,0.8950861924351937
8,42,validation,-0.0004430578429597265,0.029641779883252208,0.8989100104095562
8,43,validation,0.0014436436105088601,0.07900981097963641,0.897214786668553
8,44,validation,0.0007861537438931254,0.05121078753583999,0.8978055491494462
8,45,validation,-0.0008969693376528198,0.009694370046492599,0.8993178552970995
8,46,validation,-0.0012500496773102387,-0.008018577828107169,0.8996351021901724
8,47,validation,-0.0008685495281424149,0.0075758423308786285,0.899292319759557
8,48,validation,0.0022297381965923346,0.07288969498123739,0.896508471314551
8,49,validation,0.006008331214759743,0.15382437468959723,0.8931133604557504
8,50,validation,-0.0001695694570007511,0.028495340706076178,0.8986642778354311
8,51,validation,-0.0013477368675880452,-0.03619333928084379,0.8997228752948395
8,52,validation,0.0005238467925867685,0.139281724152545,0.8980412350712794
8,53,validation,-0.0008421078555724826,0.023129656432450026,0.89926856160163
8,54,validation,0.0012367991589683491,0.056049329389482073,0.8974006388733635
8,55,validation,0.0021994186754076273,0.1030424937997597,0.8965357137656731
8,56,validation,0.0002053137467901145,0.05444144505043582,0.8983274408090954
8,57,validation,0.0020637761390168707,0.10861357395680028,0.8966575902011615
8,58,validation,0.004606775952006759,0.11630513558455083,0.8943726745625895
8,59,validation,0.00039335244446425666,0.044315267549694934,0.8981584857982544
8,60,validation,0.0007200014738759641,0.04792890796686819,0.8978649877524367
8,61,validation,-0.0008968480226383413,0.0060406845253279705,0.8993177462941133
8,62,validation,-0.0007923442297921302,0.01879574589072269,0.8992238483908006
8,63,validation,-0.0007668194004533113,0.014858886363142549,0.8992009140274436
8,64,validation,-0.00085941669347811,0.005955281681181509,0.8992841137987692
8,65,validation,-0.00030279378833864,0.04037631063693421,0.89878398148486
8,66,validation,-7.412285738683799e-05,0.04001965664370902,0.8985785179281781
8,67,validation,-0.0004956479041988704,0.045872568107167035,0.89895726320633
8,68,validation,-7.083179425593222e-05,0.054422250205265046,0.8985755608687334
8,69,validation,-0.0009297681619471199,-0.02453435977223219,0.8993473254316131
8,70,validation,0.0007112908069055734,0.07971840899875939,0.8978728143905205
8,71,validation,-0.0008443443612404788,0.012714577551533867,0.8992705711286267
8,72,validation,-0.0006836516687229732,0.01902248617955458,0.8991261868293193
8,73,validation,-0.0008186887820678113,0.007084087423293201,0.8992475192849857
8,74,validation,-0.0007823232616475106,0.012533116109388513,0.8992148444314961
8,75,validation,-0.0005061193894055904,0.03956212705277873,0.8989666719605836
8,76,validation,0.0007987517844343373,0.09769232354844548,0.8977942296598809
8,77,validation,0.0008867790953817067,0.07749533193980361,0.8977151360719152
8,78,validation,-0.00010735817246154689,0.026350946076601996,0.8986083802548599
8,79,validation,0.0021165576979780276,0.0841442565469929,0.8966101653414024
8,80,validation,-0.000945125704201244,-0.007946861117469972,0.8993611243663545
8,81,validation,-0.0004727092803438193,0.056644065704944645,0.8989366525794215
8,82,validation,9.404567059578817e-05,0.044792739655856326,0.898427416501611
8,83,validation,0.006642099068857821,0.12348262947852351,0.8925439124858151
8,84,validation,-0.00018563425338014028,0.03656610580987348,0.8986787122464328
8,85,validation,0.006707026733232535,0.11788112309320938,0.8924855742055887
8,86,validation,-0.0009090186521190091,0.006369515778326133,0.8993286817497471
8,87,validation,-0.0009981240120426893,-0.004506616842522372,0.8994087439775657
8,88,validation,-0.0009186678690151773,-0.003571680591315311,0.8993373516861244
8,89,validation,-0.0004847070125271191,0.030443550810151744,0.898947432684773
8,90,validation,0.0008183387662590302,0.07538746612565561,0.8977766305232804
8,91,validation,0.00469465781729228,0.12712374535974044,0.8942937116592844
8,92,validation,-0.0004565073538342901,0.022842446242176302,0.8989220949553636
8,93,validation,-0.000874957896084716,0.006423904142975543,0.899298077754526
8,94,validation,0.00042041083458665973,0.040469845271237995,0.8981341735122569
8,95,validation,0.002474762398452124,0.07896635522789383,0.8962883141490655
8,96,validation,0.0028361701032817432,0.07166687288507649,0.8959635850191429
8,97,validation,-0.0005284584433582484,0.03789600813810709,0.8989867438667893
8,98,validation,-0.0006462491424696903,0.03483123909388889,0.8990925802137302
8,99,validation,-0.00017799557255027132,0.052672075295933665,0.898671848800672
8,0,test,0.0007445316241941891,0.06610305976117603,1.0595183106727266
8,1,test,-0.0011194415978472705,0.020030924553908622,1.0614946959133964
8,2,test,-0.00036824063575546795,0.044059583643211914,1.0606981917165017
8,3,test,0.004483463389046705,0.09294331373217887,1.055553892370712
8,4,test,0.0033538096247044402,0.1463621099063679,1.0567516730043136
8,5,test,0.016036419061641993,0.24344085878528776,1.043304204012838
8,6,test,0.0011612596550373278,0.089260209485996,1.0590764507147656
8,7,test,-0.00033157432223429595,0.04741445096978603,1.0606593141403562
8,8,test,-0.0013211545361595523,-0.019237212162675165,1.0617085737038165
8,9,test,-0.0014732791023122083,-0.01145909142451928,1.0618698725592575
8,10,test,-0.0006362089832085971,0.04724704249539387,1.0609823206302706
8,11,test,-0.000800557720644024,0.03517319570016715,1.0611565808691783
8,12,test,-0.0013062970182768918,-0.05034580895447751,1.061692820162559
8,13,test,-0.0013878345741644704,-0.00026256317371223616,1.061779275064438
8,14,test,-0.0009778721733537665,0.028538233491608878,1.0613445887563888
8,15,test,-0.0012748907364961148,0.027267654988789004,1.0616595198387981
8,16,test,-2.2427286030746174e-05,0.058573441666018515,1.0603315231440456
8,17,test,-0.0007091198174358215,0.03812043978988309,1.0610596285523737
8,18,test,-0.000981547002302241,0.04620689002157512,1.0613484852059782
8,19,test,0.0013871874208214452,0.11226323937481104,1.058836897755274
8,20,test,-0.0012558724205893324,0.03432083599845741,1.0616393545711773
8,21,test,-3.783793210532238e-06,0.03816067364568355,1.0603117553042458
8,22,test,0.0013802187631543061,0.1084963830378017,1.058844286676959
8,23,test,0.00013719176154669555,0.062403209330539125,1.060162277831918
8,24,test,-0.0012975962735142232,-0.010126184281065032,1.0616835946955145
8,25,test,-0.0006007866492088176,0.04752146494236489,1.0609447620552444
8,26,test,-0.0007338203313971281,0.019704297826286885,1.0610858186985908
8,27,test,-0.0010862420034096765,0.012980562331248911,1.061459494126339
8,28,test,0.003322923852108084,0.08972223590347903,1.056784421428156
8,29,test,-0.001027756260409074,0.011048776193722916,1.0613974812401619
8,30,test,0.0006256262329702444,0.07618288087796775,1.0596443869797636
8,31,test,-0.0014170474588601767,-0.011730517177729046,1.0618102497122854
8,32,test,-0.0010493459275271455,0.05781463388597528,1.061420372931383
8,33,test,-0.0011363928855960825,0.025241058564959364,1.0615126694950556
8,34,test,-0.001276244494047507,0.005026454311897053,1.0616609552384124
8,35,test,-0.0011557831832877952,0.024285988965352254,1.0615332291778437
8,36,test,-0.0011553815450711102,0.006869919220587776,1.0615328033177325
8,37,test,-0.0006993829429160492,0.028018126482673614,1.0610493044689246
8,38,test,-0.001387102609166524,0.008240417828576579,1.0617784989562828
8,39,test,-0.0013013996498123515,-0.017714586581908918,1.0616876274448543
8,40,test,-0.0015404580513198596,-0.020640550155588345,1.0619411029190782
8,41,test,0.0020381953459426283,0.09058599961189631,1.0581466290113057
8,42,test,-0.0005991509521683369,0.047343250955327945,1.0609430277130067
8,43,test,0.0002309398860305123,0.05193358297844459,1.0600628759696062
8,44,test,0.001874500292164405,0.08156972240613163,1.05832019614437
8,45,test,-0.001240752357964725,0.025355681879556276,1.061623322651697
8,46,test,-0.0011715747933775944,0.016496694575978913,1.0615499731443012
8,47,test,-0.001217765240367541,0.01019303301015687,1.061598949232912
8,48,test,0.0008116667137747502,0.0676831223600811,1.059447126817396
8,49,test,0.007226893913563126,0.18397541209617166,1.0526450117423096
8,50,test,-0.0014222854641992022,0.005251352605246206,1.0618158036099061
8,51,test,-0.0016115041521806983,-0.02509766972188124,1.0620164336499536
8,52,test,-0.0004944168916931613,0.06887426376680611,1.0608319773776955
8,53,test,-0.0012225888103249982,0.01317143415291978,1.0616040637014883
8,54,test,0.0008965169834962428,0.06399574077439277,1.0593571594193876
8,55,test,-0.0003441498651868269,0.04368680645846989,1.0606726480859254
8,56,test,-0.0004310755006393663,0.036489315067405104,1.0607648160102885
8,57,test,0.0014611277370129017,0.10079795662298019,1.0587584982654725
8,58,test,0.003982621899174643,0.10541041612610241,1.0560849384805988
8,59,test,0.00045959574498244393,0.06528760617183225,1.0598204303918042
8,60,test,-0.0002093090458239466,0.04030981022238272,1.0605296753210394
8,61,test,-0.001632951680879513,-0.017612554291421247,1.062039174630708
8,62,test,-0.0009756261899742658,0.0420017470928949,1.06134220732282
8,63,test,-0.0009696429515224647,0.03197095724291444,1.0613358632487595
8,64,test,-0.0012194458704328781,0.006381846865766855,1.061600731217984
8,65,test,-0.0006522600449998528,0.03577485652201899,1.0609993396953765
8,66,test,-0.0008807406088988667,0.018077463425347447,1.0612415994064766
8,67,test,-0.000846209574038026,0.04350391596177886,1.0612049858828287
8,68,test,1.1620316407556786e-05,0.09180482577370032,1.060295422207539
8,69,test,-0.0012640671607311305,0.01467541071208224,1.0616480435176041
8,70,test,0.00046266583554221974,0.0714538305576772,1.059817175151011
8,71,test,-0.0011992459919292209,0.014693711860858844,1.0615793131303923
8,72,test,-0.0009306017525501087,0.035164423706021165,1.0612944675631806
8,73,test,-0.00130865349289766,0.0038045028958656225,1.0616953187508464
8,74,test,-0.0010998534314095032,0.010278190137636313,1.061473926428845
8,75,test,-0.0015481469336178222,-0.031937579019010016,1.0619492555005163
8,76,test,-0.0005422441410045664,0.05531704277298386,1.060882688980482
8,77,test,-3.773349670477266e-05,0.05863874368056177,1.060347752437744
8,78,test,0.0005671941340974485,0.05451020692692132,1.059706342986657
8,79,test,0.0007733095723544414,0.055250385501147393,1.0594877971914554
8,80,test,-0.0012755931913450702,0.012895756231035898,1.0616602646571138
8,81,test,-0.0013689340576872322,-0.018906252042134246,1.0617592347004643
8,82,test,-0.00038614294984129494,0.035091044525275554,1.0607171736787502
8,83,test,0.008414736265183187,0.14913033155247127,1.0513855332990445
8,84,test,0.0008305621154627296,0.07987155911961658,1.059427091876673
8,85,test,0.008454904801547203,0.15352094839597885,1.0513429422889
8,86,test,-0.0012730266879878993,0.013006962672546567,1.0616575433737307
8,87,test,-0.0012384527660138644,-0.0015905419136179775,1.061620884376545
8,88,test,-0.001189251347932574,0.012939476732715961,1.061568715731971
8,89,test,-0.0007577475288627067,0.03763218801012341,1.0611111888913396
8,90,test,0.0003879240530246797,0.06642085236957358,1.0598964244417637
8,91,test,0.004501236376857176,0.14057117776013084,1.0555350475341148
8,92,test,-0.001286607409454632,-0.00561511057096935,1.0616719431178618
8,93,test,-0.0007668775694840146,0.046589081523118414,1.0611208695441072
8,94,test,0.001006396945681498,0.07315115279642932,1.0592406528446467
8,95,test,0.002462385028321634,0.09659785766455134,1.0576968574064434
8,96,test,0.0025060157936790395,0.06615696903146585,1.057650595368088
8,97,test,-0.0007191250614824174,0.048126050162571384,1.0610702371901102
8,98,test,-0.001553878751801907,-0.03608379056808233,1.06195533299172
8,99,test,-0.00024160775516968158,0.07320194672644316,1.060563921892658
8,0,transfer,-0.065647995748908,-0.10881795744746914,1.7847257911462846
8,1,transfer,-0.060179219849549215,0.1354509151363788,1.7755667954624186
8,2,transfer,-0.056029936997750385,0.11278885222762161,1.7686176601476542
8,3,transfer,-0.08037499936346748,-0.006891663223090272,1.8093902800601285
8,4,transfer,-0.08130881764838338,-0.04736987948479619,1.8109542201078572
8,5,transfer,-0.06925806377385091,0.17061767806479655,1.7907718603338685
8,6,transfer,-0.052296400326897086,0.06578875653585754,1.7623648081597147
8,7,transfer,-0.06932290141020969,0.016115144200303865,1.790880449100805
8,8,transfer,-0.0653643270076889,-0.1447561756794331,1.784250708454237
8,9,transfer,-0.06936235479584751,-0.16526359742038274,1.79094652483611
8,10,transfer,-0.061937939146615495,-0.1394417551138684,1.7785122631040622
8,11,transfer,-0.06685486609749502,-0.2081145842923973,1.7867470332884228
8,12,transfer,-0.06419323820599887,-0.15555786528493,1.782289392525866
8,13,transfer,-0.0626858407722386,0.1538677139970184,1.7797648336769105
8,14,transfer,-0.05793921994662554,0.1195635901948344,1.7718152887595848
8,15,transfer,-0.06416420898014064,-0.11634817719101323,1.7822407749633193
8,16,transfer,-0.057160320204322046,-0.017747954482540077,1.7705108031655128
8,17,transfer,-0.047815876710947336,0.16745415873511355,1.7548609174874428
8,18,transfer,-0.06272585385263096,0.06720243790068373,1.7798318467777134
8,19,transfer,-0.06855503707921606,0.18148709302649127,1.789594445391238
8,20,transfer,-0.06421547953060913,-0.023128995179823614,1.7823266418481747
8,21,transfer,-0.06927161213967037,-0.15515323366026462,1.7907945508639518
8,22,transfer,-0.05202911720183123,0.2649343032273203,1.7619171677674406
8,23,transfer,-0.05896323869407727,0.12352558977794283,1.7735302947244864
8,24,transfer,-0.06452517143449943,0.006677433051390246,1.782845307608714
8,25,transfer,-0.06293957947662054,0.0920167650214865,1.7801897901463346
8,26,transfer,-0.0643396550791977,0.21124775412160313,1.782534608554892
8,27,transfer,-0.06023997886402088,0.09310451595750344,1.7756685534355998
8,28,transfer,-0.055334144087321624,0.19344078747065707,1.767452360201056
8,29,transfer,-0.06474212538322921,0.22432339970362836,1.7832086577105617
8,30,transfer,-0.061510630879142436,0.20656370563412108,1.77779661582769
8,31,transfer,-0.06272481581183409,0.15840884512743808,1.7798301082879024
8,32,transfer,-0.06039531306288248,0.16229859914757283,1.7759287040219673
8,33,transfer,-0.06464900069510282,0.13992772288865615,1.7830526943592913
8,34,transfer,-0.06456693299893002,-0.08719342334331358,1.782915249035353
8,35,transfer,-0.06625397811020939,-0.16962794489288072,1.7857406781948304
8,36,transfer,-0.06657776785024394,-0.16673502346026994,1.7862829547272814
8,37,transfer,-0.06369372529605855,-0.07855070754750693,1.7814528183691676
8,38,transfer,-0.06436705321347658,0.13885896223325164,1.782580494398127
8,39,transfer,-0.06366909441205659,0.21557825427453256,1.7814115670609378
8,40,transfer,-0.06270566927761201,0.1489815593061601,1.7797980420581778
8,41,transfer,-0.0648712940841436,-0.04970697149364691,1.783424986848185
8,42,transfer,-0.05883262730391703,0.2316622733119922,1.7733115493999827
8,43,transfer,-0.03263198431486414,0.20293774015106855,1.7294312404483234
8,44,transfer,-0.05691255208970625,0.04346403985580041,1.7700958461195255
8,45,transfer,-0.06425920946042174,0.1601639679438002,1.7823998798534944
8,46,transfer,-0.05907346490210097,0.16337578275696474,1.7737148993566958
8,47,transfer,-0.06504877257288677,-0.032313580003766586,1.7837222242450528
8,48,transfer,-0.03799082296440437,0.24903746758640155,1.7384061154413595
8,49,transfer,-0.1110070325003516,-0.07269754546704102,1.8606921919416635
8,50,transfer,-0.053757698416914135,0.13922040885209847,1.7648121607566418
8,51,transfer,-0.0648555889038589,0.14371695417726857,1.783398684128694
8,52,transfer,-0.06050126639451259,0.16424248109662168,1.7761061525268889
8,53,transfer,-0.06531759723339414,-0.15169878085384336,1.7841724463698232
8,54,transfer,-0.0589061907678039,0.12191342122220186,1.773434752007043
8,55,transfer,-0.06431442171636137,-0.12175889874748617,1.78249234822725
8,56,transfer,-0.06841435038531807,-0.1398062869561761,1.7893588261510456
8,57,transfer,-0.060930336868478374,0.26967455541939184,1.7768247511111874
8,58,transfer,-0.07510191039978853,0.016265962728668565,1.8005590169131707
8,59,transfer,-0.05134249842968441,0.19621038646867325,1.7607672324827837
8,60,transfer,-0.05622526249105109,0.15916430945992563,1.768944787348149
8,61,transfer,-0.06010998734616191,0.14995545658509138,1.7754508462607366
8,62,transfer,-0.0643767620060327,-0.12038943378943515,1.7825967544882741
8,63,transfer,-0.06073490072244292,0.05796559137907119,1.7764974385917223
8,64,transfer,-0.06392139479559233,0.019879713630754657,1.78183411465959
8,65,transfer,-0.06511949038444853,-0.08965215635933285,1.783840661010937
8,66,transfer,-0.06445893418681026,-0.019737028189272515,1.7827343748009228
8,67,transfer,-0.06815582199989079,-0.06989851214353472,1.7889258480203158
8,68,transfer,-0.05971471840362419,0.22564411540638124,1.7747888578001938
8,69,transfer,-0.06390657380941489,0.1759068701416997,1.7818092927705738
8,70,transfer,-0.06916778409305024,0.05477453057946355,1.7906206617435423
8,71,transfer,-0.06431927620227351,0.00992936653627006,1.7825004784224407
8,72,transfer,-0.064330652612544,-0.13087793925994903,1.7825195314051343
8,73,transfer,-0.059526805724609,0.1926135482126946,1.7744741454317012
8,74,transfer,-0.06578858408621224,-0.10836419656164978,1.7849612456608355
8,75,transfer,-0.06652799195952541,-0.09597465455578666,1.7861995910684587
8,76,transfer,-0.058311212850995275,0.20346668675085117,1.7724382949804014
8,77,transfer,-0.05549438845467969,0.03559107996912877,1.7677207342386845
8,78,transfer,-0.06926063208186584,-0.016594936261692447,1.790776161684382
8,79,transfer,-0.07378112852021435,0.1526183243429012,1.7983469980341806
8,80,transfer,-0.06275574513552962,0.16498584775763198,1.7798819080960213
8,81,transfer,-0.06375238603626121,0.20463114563766488,1.7815510621948822
8,82,transfer,-0.06482246375020462,0.25062459988823177,1.7833432067888046
8,83,transfer,-0.06458857271950147,0.2762313246742845,1.7829514908033395
8,84,transfer,-0.07074068957935475,0.1345840618036075,1.793254932158953
8,85,transfer,-0.06159706385428998,0.26182554287264925,1.7779413720328971
8,86,transfer,-0.06418476897213221,-0.12530453041507306,1.7822752084236357
8,87,transfer,-0.06554279265893093,0.062162147520180094,1.7845495991309668
8,88,transfer,-0.06531549276979098,0.016835568834458043,1.7841689218565844
8,89,transfer,-0.06284144425331273,-0.1021928901298978,1.7800254352517013
8,90,transfer,-0.06742109268731822,-0.04409211496259367,1.7876953381719505
8,91,transfer,-0.0624320772076048,-0.010968951964377617,1.7793398355720373
8,92,transfer,-0.06478856643200093,0.23151409602979495,1.7832864362432865
8,93,transfer,-0.06273933425316702,0.10748782494176033,1.7798544234809095
8,94,transfer,-0.06397942576409776,0.1463421598241141,1.7819313037563558
8,95,transfer,-0.0517340593793012,0.22725653579645066,1.761423010871496
8,96,transfer,-0.07622851597062175,0.30087452643084667,1.8024458332228117
8,97,transfer,-0.0698503075900454,-0.07930937982998736,1.7917637383438925
8,98,transfer,-0.05975486567010391,0.051320678346178344,1.7748560956331523
8,99,transfer,-0.066805625798803,0.14380555971450656,1.7866645666283347
30,0,validation,0.00334690202333765,0.06775433629966349,0.8955046863022446
30,1,validation,-0.0013032071281555702,0.015874488181120867,0.8996828647932691
30,2,validation,0.0032292378120891696,0.06678876569522321,0.8956104089983331
30,3,validation,0.005463519848155185,0.08007507488094044,0.8936028799615199
30,4,validation,0.026536703561881425,0.1791710074133905,0.8746683732517521
30,5,validation,-0.00079792967902792,0.016843731942668402,0.8992288669835043
30,6,validation,-0.0008537283262930462,0.009838872874555584,0.8992790027330614
30,7,validation,-0.0007793277054337633,0.011168900384529949,0.8992121528885381
30,8,validation,0.0017503446101181375,0.051425989651996566,0.8969392121652466
30,9,validation,-0.0003520367954261694,0.023868403283502516,0.8988282269135897
30,10,validation,0.0004485597865024893,0.03826959870518001,0.8981088813434909
30,11,validation,0.0003772510997888112,0.03723945555176928,0.8981729530483357
30,12,validation,0.002740187071528788,0.06055269596834828,0.8960498269170658
30,13,validation,0.00672636756644307,0.09588388335513458,0.8924681962364517
30,14,validation,-0.0010095076328007213,0.002105586153570335,0.8994189722964828
30,15,validation,-0.0005162304075605473,0.02191640569061836,0.8989757568308955
30,16,validation,0.023348310612270606,0.16840428127817486,0.8775331823151523
30,17,validation,0.005411614805852505,0.0783077178862161,0.8936495172606153
30,18,validation,0.0034280605578889123,0.07000438133049917,0.8954317643917307
30,19,validation,-0.0004293356592406372,0.02167510291958198,0.8988976808639483
30,20,validation,0.0404547900723472,0.21457957797605212,0.8621628066511112
30,21,validation,0.02710939349045538,0.17490247353783694,0.8741538045258059
30,22,validation,-0.0011540837318739783,0.018811912079494574,0.8995488756445087
30,23,validation,0.012259524063000127,0.1205832729502894,0.8874965891820314
30,24,validation,-0.0008177025876123789,0.023207073052623074,0.8992466331775142
30,25,validation,0.0012146321545717376,0.0444929631262261,0.8974205561909926
30,26,validation,0.009681417268897041,0.10301751623794259,0.8898130488615267
30,27,validation,0.000354760885120764,0.043387069817821255,0.8981931607742456
30,28,validation,0.01983225440818759,0.1507848140968161,0.8806924007176743
30,29,validation,-0.0006886787692088614,0.015016539216014577,0.8991307037390172
30,30,validation,-0.0005487528889223103,0.016291936594953302,0.8990049786679909
30,31,validation,0.004961446268006209,0.08776865764310217,0.8940539990568246
30,32,validation,0.001827436269676852,0.06033899704910547,0.8968699443903811
30,33,validation,-0.0009081829323156487,0.0049276199042053055,0.899327930845544
30,34,validation,0.0005767291065881253,0.03891696483914538,0.8979937196819159
30,35,validation,0.0004143226618090745,0.036700692583679174,0.8981396438080542
30,36,validation,-0.0018786552269880463,-0.029296168837713535,0.9001999117680634
30,37,validation,-0.0008370436505675816,0.03744621213127281,0.8992640113530798
30,38,validation,-0.0009106502862692434,0.021865578806784497,0.8993301477924763
30,39,validation,0.0007294654785927612,0.050796239400941696,0.89785648423141
30,40,validation,0.015379631689914408,0.13415867747089713,0.884693135294875
30,41,validation,0.0017083894035067049,0.05623702218950442,0.8969769094183948
30,42,validation,0.012875753864397543,0.12034162613312752,0.8869428993614601
30,43,validation,-0.0006276538230571838,0.02075329734804844,0.8990758720976254
30,44,validation,0.005270237904238306,0.08004277750341865,0.8937765460915972
30,45,validation,0.004812308023739553,0.0763953693292981,0.8941880015466768
30,46,validation,0.0005893479295436821,0.037816729837204036,0.8979823815191035
30,47,validation,0.00307699680375495,0.06861867986703252,0.8957471993586775
30,48,validation,0.00866123611595948,0.11173895335743905,0.8907296937856106
30,49,validation,0.004271419485455286,0.08312908963356273,0.8946739963444494
30,50,validation,-0.00040772016695189706,0.029753327511857487,0.8988782590865207
30,51,validation,0.0003806709691376309,0.040226039350567365,0.8981698802549689
30,52,validation,0.0023039129530165736,0.05817102519499308,0.8964418244119144
30,53,validation,0.009612525448556397,0.11245198266251048,0.8898749489831318
30,54,validation,0.010487460326864428,0.10756088685665757,0.889088809567798
30,55,validation,0.0014335282667302662,0.04654383597607081,0.8972238754254893
30,56,validation,0.007773137600247448,0.09572437967645854,0.8915276608860317
30,57,validation,0.022353582236155023,0.15960642673496026,0.8784269576159242
30,58,validation,0.03444060938871085,0.19903935187266628,0.8675666196703037
30,59,validation,-0.0010523518778735585,-0.00745559864617305,0.8994574683612838
30,60,validation,0.000407072799086694,0.04757887907337143,0.8981461578961116
30,61,validation,0.0032403947422481316,0.06565604179826563,0.8956003843636208
30,62,validation,0.03859401446036048,0.20707953262937348,0.8638347357145676
30,63,validation,0.012185918149171693,0.12498272167769604,0.8875627249728164
30,64,validation,-0.0007897264955878391,0.020165698381944125,0.8992214963254208
30,65,validation,0.0017851877115241388,0.055509927042568116,0.8969079052233851
30,66,validation,-0.000539059443408707,0.038829465217475954,0.8989962689916737
30,67,validation,-0.00025133744567962246,0.028084461194722563,0.8987377473477419
30,68,validation,0.003157524491586683,0.07381186234414527,0.8956748442714594
30,69,validation,0.002942920155896922,0.06601862244597859,0.8958676688246575
30,70,validation,-0.0002086297755912181,0.03410077288067438,0.8986993739971922
30,71,validation,0.004256777555962432,0.08513272172449628,0.8946871522925962
30,72,validation,-0.0009450692369878944,-0.005659070093880668,0.8993610736298903
30,73,validation,-0.0005508998514209829,0.030371590415041814,0.8990069077393826
30,74,validation,0.0012054800189751358,0.04898952046212495,0.8974287794938982
30,75,validation,-0.0009589034721317891,-0.0360947419731202,0.8993735038550388
30,76,validation,0.007794656299432656,0.09993512920701825,0.8915083260783613
30,77,validation,0.035439567704085295,0.2104098517884238,0.8666690437186967
30,78,validation,0.009268133798706168,0.11350900971766661,0.890184388984864
30,79,validation,0.012301845448521531,0.11709495708859514,0.8874585629127687
30,80,validation,0.00018062631084814207,0.04175824689975002,0.8983496227645057
30,81,validation,0.02849216336094229,0.19300228025162422,0.8729113693177958
30,82,validation,0.002426221095183756,0.057458730671214917,0.8963319290885507
30,83,validation,0.004363835176820818,0.07921517877626534,0.894590959744379
30,84,validation,0.00667149884603746,0.0884711402787285,0.8925174964356427
30,85,validation,-0.00040133645755480174,0.02502454262348657,0.8988725232475487
30,86,validation,0.005264287302311765,0.08497953820486398,0.8937818927783454
30,87,validation,-0.0012485608873606946,-0.005147917573672791,0.8996337644946597
30,88,validation,0.011816134893877561,0.11840721538743419,0.8878949796346483
30,89,validation,0.0002606988000007915,0.03502821422551963,0.8982776766787256
30,90,validation,0.003350894100515367,0.06328739639187987,0.8955010993733242
30,91,validation,-0.00016376584638178038,0.034761636680177184,0.8986590632221246
30,92,validation,3.631024856753928e-05,0.03810848241445678,0.8984792924663743
30,93,validation,0.0010192446639537556,0.05436833639641032,0.8975961141798741
30,94,validation,3.611368081291033e-05,0.03211112180404329,0.8984794690848443
30,95,validation,0.006383348163226388,0.08509298222151619,0.8927764032582296
30,96,validation,0.00031678557311620725,0.03828022826798096,0.8982272820446584
30,97,validation,-4.228726012289741e-05,0.0295403203601722,0.8985499132646309
30,98,validation,0.0017403819462127323,0.04979130183152315,0.8969481637374972
30,99,validation,4.554908311416028e-06,0.029553564178661687,0.8985078250180436
30,0,test,0.009560725217422239,0.108796411599341,1.0501704323392276
30,1,test,-0.0021456605680107987,0.011924249300183947,1.0625828038338017
30,2,test,0.0032228421057035606,0.06815527225472802,1.0568905388788334
30,3,test,0.007048009868213745,0.09646988547913597,1.0528346838807499
30,4,test,0.03136615165167567,0.20110621652887972,1.0270499698446156
30,5,test,-0.001091347028294276,0.033884817908364166,1.061464907023754
30,6,test,-0.0010407522351894016,0.02016097424460512,1.0614112609728534
30,7,test,-0.0007020463085805062,0.04541928836277684,1.061052128456162
30,8,test,0.00503580698873074,0.08080668203071864,1.0549682381749943
30,9,test,0.0009771944938915533,0.06599539819450573,1.0592716164304037
30,10,test,1.844514136428721e-06,0.031472327766172516,1.060305787566384
30,11,test,-0.001416973785483222,0.003502290846341767,1.0618101715958335
30,12,test,0.005043610488960404,0.0851420580805542,1.0549599640632759
30,13,test,0.00959514655839322,0.12726908648583893,1.0501339351248606
30,14,test,-0.0009339015482336954,0.03804569910499172,1.0612979663620954
30,15,test,-0.0009424640434290144,0.02090708998478905,1.061307045242053
30,16,test,0.016962062862878158,0.15085614143849688,1.042322736722832
30,17,test,0.006127097064849596,0.09094109020716626,1.0538111348570784
30,18,test,0.003724427447839629,0.08264087466010175,1.0563587040566313
30,19,test,-0.0015227558287025378,0.007400294333155885,1.061922333115363
30,20,test,0.039768711602987006,0.22142145024302246,1.0181406704645382
30,21,test,0.02185855403185133,0.1614593244539962,1.0371309492212768
30,22,test,-0.002319333550371505,0.004352610461134595,1.062766950641804
30,23,test,0.010433572881782816,0.11214715534202915,1.049244945201968
30,24,test,-0.0012439392638161628,0.009451335847830694,1.0616267017526484
30,25,test,0.0008842577899595971,0.05297123439990901,1.0593701579372212
30,26,test,0.0013864726806698258,0.053348392155050765,1.0588376555997911
30,27,test,0.0004457430098090409,0.06235367190111515,1.0598351185541748
30,28,test,0.019889710613599232,0.1593615240010836,1.039218529143032
30,29,test,-3.675276651993187e-05,0.04108801386296371,1.060346712561935
30,30,test,-0.0012604464965315643,0.002229386596327001,1.0616442044993175
30,31,test,0.00400365543320258,0.07671784187445022,1.0560626364615997
30,32,test,9.153476246259729e-05,0.040432286231846234,1.0602106883015836
30,33,test,-0.001274762501532356,-0.006562381673941769,1.061659383870273
30,34,test,-0.00011886934743499111,0.0350596172545687,1.060433781408534
30,35,test,0.0018363317516023603,0.062334438547027575,1.058360666543479
30,36,test,-0.0021130233864965486,-0.029872344021895147,1.062548198377522
30,37,test,-0.00127868554831978,0.005576185910255776,1.0616635435071593
30,38,test,0.002218089552566971,0.07135830325324229,1.0579558857910438
30,39,test,0.0005402046916060943,0.05370208725624712,1.0597349601015185
30,40,test,0.019563318891958614,0.16572819691907892,1.0395646048128429
30,41,test,0.0019202941944914675,0.06433360598221574,1.0582716405151358
30,42,test,0.012190090723015135,0.12133035669004245,1.0473824957336315
30,43,test,-0.0010859002071084145,0.01642110839306788,1.0614591317170743
30,44,test,0.003341006832044968,0.06866532722945101,1.0567652479045067
30,45,test,0.0036920138369688216,0.0677890668561087,1.0563930724592265
30,46,test,0.0033415234011671124,0.09329661876067195,1.0567647001822664
30,47,test,7.756245663881334e-05,0.03845086152757517,1.0602255032456407
30,48,test,0.005098131413074802,0.08283274172796588,1.0549021551052644
30,49,test,0.0013719366722146908,0.0553215813578347,1.0588530682421131
30,50,test,-0.0005385287149488605,0.037953403717920345,1.0608787494854655
30,51,test,-0.0011682120111997651,0.021347838896669552,1.061546407560319
30,52,test,0.003040044224088323,0.07214795448018478,1.0570843608881724
30,53,test,0.007162729094507103,0.09972219705249802,1.0527130461968035
30,54,test,0.016127798191974074,0.15035293125086086,1.043207314013369
30,55,test,0.0034101374565719267,0.08198898185678472,1.0566919481680201
30,56,test,0.011242135559609068,0.12758990442580154,1.04838761993371
30,57,test,0.018061764540386216,0.14305292515621254,1.0411567145188294
30,58,test,0.030111262425341123,0.18669651650207547,1.0283805386083058
30,59,test,-0.0005912735291027094,0.07671615987425269,1.0609346752203328
30,60,test,-0.0015157724427150576,-0.0031600477849794734,1.0619149285771259
30,61,test,0.004980762649505199,0.09300456220263657,1.055026602114101
30,62,test,0.030582139969334787,0.18586082749269692,1.0278812635022543
30,63,test,0.014450295441969518,0.1584779626495481,1.0449859831686379
30,64,test,-0.0012772366931308454,-0.0010938570309991058,1.0616620072747833
30,65,test,-0.0027499540902684583,0.021872308857670646,1.063223540934689
30,66,test,-0.0011571273917307945,0.00812819909660058,1.0615346544524644
30,67,test,-0.0009252358095457325,0.02554503317153003,1.061288778012263
30,68,test,0.00023727168291687306,0.03981026042407694,1.0600561623163385
30,69,test,0.001780373192053486,0.05256882426143684,1.0584199998374737
30,70,test,-0.0014376547433427866,0.00792362288641256,1.0618320997755912
30,71,test,0.002173938273610454,0.05776391797931979,1.0580026997339989
30,72,test,-0.0012309987316954096,0.02293083301836823,1.061612980806238
30,73,test,-0.001177546867686008,0.0023996631112889605,1.061556305380934
30,74,test,0.00011141514291768129,0.033643640065673434,1.060189608980247
30,75,test,-0.0013206060718475854,-0.029187625296699878,1.0617079921628598
30,76,test,0.009509055007602352,0.11926018773426858,1.0502252186627985
30,77,test,0.03815766763668238,0.2263586746822859,1.0198488728568382
30,78,test,0.003928035474249136,0.0785611421424589,1.0561428168896274
30,79,test,0.01021345524143158,0.11283568487607047,1.0494783376404737
30,80,test,-0.0016761254649533264,0.007361837604679021,1.0620849521282698
30,81,test,0.022795379484681688,0.17386235898959052,1.0361376259395023
30,82,test,0.00517288273112626,0.10233774097345218,1.0548228957039112
30,83,test,0.0013611083974411908,0.05068974830078347,1.058864549545702
30,84,test,0.01400148389031175,0.13825280972860243,1.0454618615321518
30,85,test,-0.0002484969800606862,0.05137513566360982,1.0605712265911553
30,86,test,0.0015810270666777315,0.05730553919237917,1.0586313680778103
30,87,test,-0.002381021875631495,-0.03532610426951202,1.0628323592507496
30,88,test,0.004776061577512536,0.07557847738067655,1.0552436482458005
30,89,test,0.0006231183108489358,0.04879718620770029,1.0596470461490086
30,90,test,0.005879920805904271,0.08763676837878638,1.0540732177584027
30,91,test,-0.0016397076342502537,0.023502712930371886,1.0620463380203804
30,92,test,0.0019275620461135512,0.06896908215308586,1.0582639343557836
30,93,test,3.2162505880783954e-05,0.04176068637157226,1.0602736411649756
30,94,test,0.004439970395293535,0.09073455254057944,1.0556000083287687
30,95,test,0.00888797055121393,0.10921060475157249,1.0508837593211622
30,96,test,-0.0009065680276085786,0.021549216279120084,1.0612689844185244
30,97,test,0.002507619619515733,0.07140041947288192,1.0576488948191345
30,98,test,0.0008989669349731555,0.04606823550716195,1.0593545617168658
30,99,test,0.00015596173333121133,0.0410440338849296,1.060142375885493
30,0,transfer,-0.053573627386805045,0.23396537226062916,1.7645038823043302
30,1,transfer,-0.06330599775824264,0.009787223572546473,1.7808034601012983
30,2,transfer,-0.07282562801733583,0.21128213754222147,1.796746745044691
30,3,transfer,-0.1100782499737798,-0.10838082405219858,1.859136685680542
30,4,transfer,-0.021241020043976766,0.26027364674078135,1.710353883008176
30,5,transfer,-0.0622427752311967,-0.04696828157722626,1.7790227964362642
30,6,transfer,-0.06323748308660249,0.09232517198133391,1.7806887131097626
30,7,transfer,-0.06562546094101718,0.047990981511230865,1.7846880503040912
30,8,transfer,-0.06510090704741645,0.07009034903045465,1.783809538012518
30,9,transfer,-0.06174540453842581,0.024699125498130466,1.7781898100217168
30,10,transfer,-0.0678950776710503,0.11067043628607802,1.7884891586722071
30,11,transfer,-0.07639043763677167,0.02314242763911612,1.8027170163666602
30,12,transfer,-0.0810484687254045,0.08998537331726246,1.8105181929775183
30,13,transfer,-0.04536503526968638,0.19121871630739987,1.750756297624526
30,14,transfer,-0.06059427815156471,0.08399700686806337,1.7762619267434714
30,15,transfer,-0.07604060137839963,-0.1470717649345314,1.8021311176501185
30,16,transfer,-0.09939647711803667,0.03740897545618782,1.8412470677327193
30,17,transfer,-0.07850016675118865,0.09364927783839345,1.806250348177777
30,18,transfer,-0.061579741849536296,0.1379697656000552,1.777912361488363
30,19,transfer,-0.06508928674300685,0.07003764353614955,1.783790076560835
30,20,transfer,0.026320252272872713,0.220426466602536,1.630699222461511
30,21,transfer,-0.06914484538407373,0.21128818138390126,1.7905822444559487
30,22,transfer,-0.05085500704753021,-0.03197257164842934,1.7599507917385955
30,23,transfer,-0.0672371246916148,0.2860564249719482,1.7873872322795854
30,24,transfer,-0.06357948595831053,-0.0009816593469631793,1.7812614926281576
30,25,transfer,-0.05598603165109739,-0.0750529189629541,1.768544128357745
30,26,transfer,-0.08785313486285862,0.199408849810452,1.8219145107148023
30,27,transfer,-0.067525236723182,-0.018984675910103343,1.787869756504779
30,28,transfer,-0.05693319810049413,0.033153119962116694,1.770130423642389
30,29,transfer,-0.06704334068052065,-0.007325585987850841,1.7870626867224304
30,30,transfer,-0.06393091781118065,-0.045700762706625105,1.7818500636142147
30,31,transfer,-0.045393860997452684,0.16501904804234588,1.7508045743725686
30,32,transfer,-0.0784588041256371,0.06857540452252082,1.8061810748859337
30,33,transfer,-0.06419679507476128,-0.10645956751796486,1.7822953494980005
30,34,transfer,-0.055143637077336605,0.033649509464378544,1.767133302899329
30,35,transfer,-0.06324160538989343,0.028380295656257073,1.7806956170602528
30,36,transfer,-0.05605041389696197,-0.014203712944251212,1.768651954445857
30,37,transfer,-0.06378330238827257,-0.16707885794348457,1.781602840278286
30,38,transfer,-0.051540374333606254,0.14013178489432443,1.7610986310595973
30,39,transfer,-0.06396075662596568,0.08892648703420118,1.7819000370599833
30,40,transfer,-0.07334601412523978,0.22334497136976125,1.7976182772127571
30,41,transfer,-0.08402633951427418,-0.028323184365119707,1.815505470972502
30,42,transfer,-0.01165762888096089,0.3742904077226316,1.6943038125876357
30,43,transfer,-0.06142956045225456,0.0364350986134371,1.7776608407102559
30,44,transfer,-0.013028135801873342,0.12932160008192795,1.6965991099639308
30,45,transfer,-0.049813126357171056,0.09623356914785555,1.7582058709516195
30,46,transfer,-0.08587894327475931,0.10038138877280392,1.8186081744217668
30,47,transfer,-0.06114115190549252,0.22952846717933884,1.7771778198873889
30,48,transfer,-0.03297479338761322,0.36139681112822275,1.7300053701759772
30,49,transfer,-0.05891652589930252,-0.013377710202120517,1.7734520610770306
30,50,transfer,-0.0677882364338549,0.06882671535275343,1.7883102231209358
30,51,transfer,-0.09891635495719697,-0.08603506596000071,1.840442968811903
30,52,transfer,-0.0618930906171935,0.2513370574040214,1.7784371516906556
30,53,transfer,-0.07449066263116033,0.1969766636653236,1.799535311466529
30,54,transfer,-0.02746478814646114,0.1885884209614218,1.7207773244212212
30,55,transfer,-0.06169953365625558,0.0707587043519985,1.7781129863925274
30,56,transfer,-0.05047388086247473,0.027924261177039396,1.7593124892833163
30,57,transfer,-0.0909267147576156,0.14727789623911103,1.8270620803918476
30,58,transfer,-0.01106275824896863,0.4246264893789274,1.6933075352394422
30,59,transfer,-0.06290319102991071,0.08278803367188584,1.7801288475089894
30,60,transfer,-0.0624124207740111,0.0029106253550637735,1.7793069153731194
30,61,transfer,-0.07117630590523683,0.0034924485694125275,1.7939844936041465
30,62,transfer,-0.007064091301171249,0.13802022859827273,1.6866106484058847
30,63,transfer,-0.024600818388307966,0.2676783805133523,1.7159808055774477
30,64,transfer,-0.06436912443577247,-0.05316710990552753,1.7825839632394942
30,65,transfer,-0.03986899937684485,0.03530963676181888,1.7415516474528465
30,66,transfer,-0.06411134119126904,0.05946828242016754,1.7821522330557698
30,67,transfer,-0.050503033691247534,0.1140958582044778,1.7593613138535338
30,68,transfer,-0.040616295532001745,0.21460610098428448,1.742803203995958
30,69,transfer,-0.081012681661087,0.17292950103436014,1.8104582575232862
30,70,transfer,-0.058944956294175954,0.022653664687064316,1.7734996757295103
30,71,transfer,-0.08464153364063765,0.0913401292942496,1.816535785699562
30,72,transfer,-0.06379497387458,0.04198885118969419,1.7816223874483803
30,73,transfer,-0.06698843074993777,-0.09584008539639757,1.7869707246770907
30,74,transfer,-0.07793220324286199,-0.04962563950465543,1.805299134338137
30,75,transfer,-0.06408284928230401,-0.1686694376584913,1.7821045153807287
30,76,transfer,-0.07282697129779736,-0.029616246600047646,1.7967489947437418
30,77,transfer,-0.027786449240172262,0.3466005056576552,1.7213160359397006
30,78,transfer,-0.09560092910721729,0.019084833681729328,1.834890360402094
30,79,transfer,-0.03266413205729113,0.0853967398123023,1.7294850808395834
30,80,transfer,-0.04954539378616829,0.050374241147233656,1.7577574778363463
30,81,transfer,-0.14912919911037825,0.26396993185413603,1.924538428442559
30,82,transfer,-0.05884759442646281,0.10194909979809089,1.7733366160352446
30,83,transfer,-0.0918252248655822,0.0034823142124085654,1.828566887016259
30,84,transfer,-0.05042897795158274,-0.008039998888797426,1.7592372867929196
30,85,transfer,-0.06607902117811282,0.02784258693337319,1.7854476638502266
30,86,transfer,-0.05609712180740534,0.07732496987344376,1.7687301799131327
30,87,transfer,-0.05961128512559033,-0.0894156070513493,1.7746156298302582
30,88,transfer,-0.03916076449275541,0.15711885578188248,1.7403655099394593
30,89,transfer,-0.06021308144999504,0.014176226103742473,1.7756235061885552
30,90,transfer,-0.07116792082124435,-0.036426544611869276,1.7939704504344303
30,91,transfer,-0.06264408923359266,0.06801017594888568,1.7796949090412533
30,92,transfer,-0.041350982421203275,0.12247993661230133,1.7440336427945158
30,93,transfer,-0.06650747035902427,0.025365517518760466,1.7861652219054367
30,94,transfer,-0.06564387198117627,0.11667333958506558,1.784718884743179
30,95,transfer,-0.07201926764187805,0.14404911251322686,1.7953962689355267
30,96,transfer,-0.06702980491893573,0.07876342825439946,1.7870400173016652
30,97,transfer,-0.08338088867977844,0.08431673521285925,1.814424482920315
30,98,transfer,-0.09410801144837455,-0.0028870641063054457,1.832390051988412
30,99,transfer,-0.053129112940967005,-0.08521432751569484,1.763759418467126
